"Site_ID","Phase_ID","Domestic_Cattle","Wild_Cattle","Undetermined_Bovids","Domestic_Sheep_Goats","Wild_Barbary_Sheep","Domestic_Donkeys","Wild_Donkeys_Zebras","Domestic_Horses","Undetermined_Equids","Domestic_Pigs","Ostrich_Eggshells","Ostrich_Bones","Other_Wild_Terrestrial_Macrofauna","Other_Wild_Terrestrial_Microfauna_Avifauna","Terrestrial_Freshwater_Molluscs","Marine_Molluscs","Ichthyofauna_Turtles","Domestic_Cereals","Domestic_Pulses","Fruit_Crops","Wild_Plants","Pottery","Lithics_Backed_Tools_Geometrics","Lithics_Notches_Denticulates","Lithics_Arrowheads","Lithics_Bifacial_Tools","Lithics_Polished_Axes_Adzes"
"DZ021","DZ021-1","n/a","n/a","n/a","n/a","n/a","n/a","n/a","n/a","n/a","n/a","yes","n/a","n/a","n/a","yes","n/a","n/a","n/a","n/a","n/a","n/a","no","yes","yes","no","no","no"
"DZ009","DZ009-1","n/a","n/a","n/a","n/a","n/a","n/a","n/a","n/a","n/a","n/a","yes","n/a","n/a","n/a","n/a","yes","n/a","n/a","n/a","n/a","n/a","yes","yes","yes","no","no","no"
"DZ010","DZ010-1","n/a","n/a","n/a","n/a","n/a","n/a","n/a","n/a","n/a","n/a","yes","n/a","n/a","n/a","n/a","yes","n/a","n/a","n/a","n/a","n/a","yes","yes","yes","no","no","no"
"DZ005","DZ005-2","n/a","n/a","n/a","n/a","n/a","n/a","n/a","n/a","n/a","n/a","yes","n/a","n/a","n/a","yes","n/a","n/a","n/a","n/a","n/a","n/a","yes","yes","yes","yes","yes","no"
"DZ005","DZ005-1","n/a","n/a","n/a","n/a","n/a","n/a","n/a","n/a","n/a","n/a","yes","n/a","n/a","n/a","yes","n/a","n/a","n/a","n/a","n/a","n/a","no","yes","yes","no","no","no"
"DZ048","DZ048-2","n/a","n/a","n/a","n/a","n/a","n/a","n/a","n/a","n/a","n/a","<","n/a","n/a","n/a","yes","n/a","n/a","n/a","n/a","n/a","n/a","yes","yes","yes","yes","yes","n/a"
"DZ048","DZ048-1","n/a","n/a","n/a","n/a","n/a","n/a","n/a","n/a","n/a","n/a","<","n/a","n/a","n/a","yes","n/a","n/a","n/a","n/a","n/a","n/a","yes","yes","yes","yes","yes","n/a"
"DZ022","DZ022-1","n/a","n/a","n/a","n/a","n/a","n/a","n/a","n/a","n/a","n/a","<","n/a","n/a","n/a","n/a","n/a","n/a","n/a","n/a","n/a","n/a","no","yes","yes","no","no","no"
"DZ023","DZ023-1","n/a","n/a","n/a","n/a","n/a","n/a","n/a","n/a","n/a","n/a","no","n/a","n/a","n/a","n/a","n/a","n/a","n/a","n/a","n/a","n/a","no","yes","yes","no","no","no"
"DZ008","DZ008-1","n/a","n/a","n/a","n/a","n/a","n/a","n/a","n/a","n/a","n/a","yes","n/a","n/a","n/a","yes","n/a","n/a","n/a","n/a","n/a","n/a","no","yes","yes","yes","yes","n/a"
"DZ024","DZ024-2","n/a","n/a","n/a","n/a","n/a","n/a","n/a","n/a","n/a","n/a","yes","n/a","n/a","n/a","yes","n/a","n/a","n/a","n/a","n/a","n/a","n/a","yes","yes","n/a","n/a","n/a"
"DZ024","DZ024-1","n/a","n/a","n/a","n/a","n/a","n/a","n/a","n/a","n/a","n/a","yes","n/a","n/a","n/a","yes","n/a","n/a","n/a","n/a","n/a","n/a","n/a","yes","yes","n/a","n/a","n/a"
"DZ044","DZ044-1","n/a","n/a","n/a","n/a","n/a","n/a","n/a","n/a","n/a","n/a","yes","n/a","n/a","n/a","n/a","n/a","n/a","n/a","n/a","n/a","n/a","no","yes","yes","no","no","no"
"DZ018","DZ018-1","yes","no","n/a","yes","?","no","yes","n/a","n/a","no","yes","n/a","n/a","n/a","yes","n/a","n/a","n/a","n/a","n/a","n/a","yes","yes","yes","yes","yes","yes"
"DZ012","DZ012-1","no","no","no","no","no","no","no","n/a","no","no","yes","no","no","yes","yes","n/a","n/a","n/a","n/a","n/a","yes","yes","yes","yes","yes","yes","yes"
"DZ047","DZ047-5","n/a","n/a","n/a","n/a","n/a","n/a","n/a","n/a","n/a","n/a","n/a","n/a","n/a","yes","yes","n/a","n/a","n/a","n/a","n/a","n/a","n/a","yes","yes","n/a","n/a","n/a"
"DZ047","DZ047-3","n/a","n/a","n/a","n/a","n/a","n/a","n/a","n/a","n/a","n/a","n/a","n/a","n/a","yes","yes","n/a","n/a","n/a","n/a","n/a","n/a","n/a","yes","yes","n/a","n/a","n/a"
"DZ047","DZ047-4","n/a","n/a","n/a","n/a","n/a","n/a","n/a","n/a","n/a","n/a","n/a","n/a","n/a","yes","yes","n/a","n/a","n/a","n/a","n/a","n/a","n/a","yes","yes","n/a","n/a","n/a"
"DZ047","DZ047-2","n/a","n/a","n/a","n/a","n/a","n/a","n/a","n/a","n/a","n/a","n/a","n/a","n/a","yes","yes","n/a","n/a","n/a","n/a","n/a","n/a","n/a","yes","yes","n/a","n/a","n/a"
"DZ047","DZ047-1","n/a","n/a","n/a","n/a","n/a","n/a","n/a","n/a","n/a","n/a","n/a","n/a","n/a","yes","yes","n/a","n/a","n/a","n/a","n/a","n/a","n/a","yes","yes","n/a","n/a","n/a"
"DZ047","DZ047-6","n/a","n/a","n/a","n/a","n/a","n/a","n/a","n/a","n/a","n/a","n/a","n/a","n/a","yes","yes","n/a","n/a","n/a","n/a","n/a","n/a","n/a","yes","yes","n/a","n/a","n/a"
"DZ045","DZ045-2","n/a","n/a","n/a","n/a","n/a","n/a","n/a","n/a","n/a","n/a","n/a","n/a","n/a","n/a","n/a","n/a","n/a","n/a","n/a","n/a","n/a","n/a","yes","yes","no","no","no"
"DZ045","DZ045-1","n/a","n/a","n/a","n/a","n/a","n/a","n/a","n/a","n/a","n/a","n/a","n/a","n/a","n/a","n/a","n/a","n/a","n/a","n/a","n/a","n/a","n/a","yes","n/a","n/a","n/a","n/a"
"DZ017","DZ017-6","no","yes","n/a","no","yes","n/a","n/a","n/a","yes","no","yes","n/a","yes","yes","yes","yes","n/a","n/a","n/a","n/a","n/a","yes","yes","yes","n/a","n/a","n/a"
"DZ017","DZ017-7","no","yes","n/a","no","yes","n/a","n/a","n/a","yes","no","yes","n/a","yes","yes","yes","yes","n/a","n/a","n/a","n/a","n/a","yes","yes","yes","n/a","n/a","n/a"
"DZ017","DZ017-5","no","yes","n/a","no","yes","n/a","n/a","n/a","yes","no","yes","n/a","yes","yes","n/a","n/a","n/a","n/a","n/a","n/a","n/a","n/a","yes","yes","n/a","n/a","n/a"
"DZ017","DZ017-4","no","yes","n/a","no","yes","no","n/a","n/a","yes","no","yes","n/a","yes","yes","yes","n/a","n/a","n/a","n/a","n/a","n/a","n/a","yes","yes","n/a","n/a","n/a"
"DZ017","DZ017-8","no","n/a","n/a","n/a","n/a","n/a","n/a","n/a","n/a","n/a","yes","n/a","n/a","yes","n/a","yes","n/a","n/a","n/a","n/a","n/a","yes","yes","yes","n/a","n/a","n/a"
"DZ017","DZ017-9","no","n/a","n/a","n/a","n/a","n/a","n/a","n/a","n/a","n/a","yes","n/a","n/a","yes","n/a","yes","n/a","n/a","n/a","n/a","n/a","yes","yes","yes","n/a","n/a","n/a"
"DZ017","DZ017-2","no","n/a","n/a","n/a","n/a","n/a","n/a","n/a","n/a","n/a","yes","n/a","n/a","yes","yes","n/a","n/a","n/a","n/a","n/a","n/a","no","yes","yes","no","no","no"
"DZ017","DZ017-3","n/a","n/a","n/a","n/a","n/a","n/a","n/a","n/a","n/a","n/a","n/a","n/a","n/a","yes","yes","n/a","n/a","n/a","n/a","n/a","n/a","n/a","yes","yes","n/a","n/a","n/a"
"DZ017","DZ017-1","no","n/a","n/a","n/a","n/a","n/a","n/a","n/a","n/a","n/a","n/a","n/a","n/a","n/a","n/a","n/a","n/a","n/a","n/a","n/a","n/a","no","yes","yes","no","no","no"
"DZ032","DZ032-1","n/a","n/a","n/a","n/a","n/a","n/a","n/a","n/a","n/a","n/a","yes","n/a","n/a","n/a","n/a","n/a","n/a","n/a","n/a","n/a","n/a","yes","yes","yes","yes","yes","no"
"DZ037","DZ037-1","n/a","n/a","n/a","n/a","n/a","n/a","n/a","n/a","n/a","n/a","n/a","n/a","n/a","n/a","n/a","n/a","n/a","n/a","n/a","n/a","n/a","no","<","yes","no","no","no"
"DZ020","DZ020-1","n/a","n/a","n/a","n/a","n/a","n/a","n/a","n/a","n/a","n/a","n/a","n/a","n/a","n/a","n/a","n/a","n/a","n/a","n/a","n/a","n/a","yes","n/a","n/a","n/a","n/a","n/a"
"DZ004","DZ004-7","no","yes","n/a","no","yes","no","yes","no","n/a","no","n/a","n/a","yes","n/a","yes","no","n/a","n/a","n/a","n/a","n/a","no","yes","yes","no","no","no"
"DZ004","DZ004-2","no","yes","n/a","no","yes","no","yes","no","n/a","no","n/a","n/a","yes","n/a","yes","no","n/a","n/a","n/a","n/a","n/a","no","yes","yes","no","no","no"
"DZ004","DZ004-6","no","yes","n/a","no","yes","no","yes","no","n/a","no","n/a","n/a","yes","n/a","yes","no","n/a","n/a","n/a","n/a","n/a","no","yes","yes","no","no","no"
"DZ004","DZ004-5","no","yes","n/a","no","yes","no","yes","no","n/a","no","n/a","n/a","yes","n/a","yes","no","n/a","n/a","n/a","n/a","n/a","no","yes","yes","no","no","no"
"DZ004","DZ004-1","no","yes","n/a","no","yes","no","yes","no","n/a","no","n/a","n/a","yes","n/a","yes","no","n/a","n/a","n/a","n/a","n/a","no","yes","yes","no","no","no"
"DZ004","DZ004-3","no","yes","n/a","no","yes","no","yes","no","n/a","no","n/a","n/a","yes","n/a","yes","no","n/a","n/a","n/a","n/a","n/a","no","yes","yes","no","no","no"
"DZ004","DZ004-4","no","yes","n/a","no","yes","no","yes","no","n/a","no","n/a","n/a","yes","n/a","yes","no","n/a","n/a","n/a","n/a","n/a","no","yes","yes","no","no","no"
"DZ004","DZ004-8","no","n/a","n/a","no","no","no","no","no","n/a","no","n/a","n/a","yes","n/a","yes","yes","n/a","n/a","n/a","n/a","n/a","no","yes","yes","no","no","no"
"DZ036","DZ036-2","no","no","yes","no","yes","no","no","no","no","no","yes","no","yes","yes","yes","n/a","n/a","n/a","n/a","n/a","n/a","no","yes","yes","no","no","no"
"DZ036","DZ036-1","no","no","yes","no","yes","no","no","no","no","no","yes","no","yes","yes","yes","n/a","n/a","n/a","n/a","n/a","n/a","no","yes","yes","no","no","no"
"DZ002","DZ002-1","n/a","n/a","n/a","n/a","n/a","n/a","n/a","no","n/a","n/a","n/a","n/a","n/a","n/a","yes","n/a","n/a","n/a","n/a","n/a","n/a","no","yes","yes","no","no","no"
"DZ039","DZ039-1","no","no","yes","no","yes","no","no","no","no","no","no","no","yes","yes","yes","no","no","n/a","n/a","n/a","n/a","no","yes","yes","no","no","no"
"DZ040","DZ040-1","no","yes","n/a","no","yes","no","no","no","no","no","n/a","n/a","yes","n/a","yes","n/a","n/a","n/a","n/a","n/a","n/a","no","yes","yes","n/a","n/a","n/a"
"DZ040","DZ040-4","no","yes","n/a","no","yes","no","no","no","no","no","n/a","n/a","yes","n/a","yes","n/a","n/a","n/a","n/a","n/a","n/a","no","yes","yes","n/a","n/a","n/a"
"DZ040","DZ040-3","no","yes","n/a","no","yes","no","no","no","no","no","n/a","n/a","yes","n/a","yes","n/a","n/a","n/a","n/a","n/a","n/a","no","yes","yes","n/a","n/a","n/a"
"DZ040","DZ040-2","no","yes","n/a","no","yes","no","no","no","no","no","n/a","n/a","yes","n/a","yes","n/a","n/a","n/a","n/a","n/a","n/a","no","yes","yes","n/a","n/a","n/a"
"DZ003","DZ003-1","n/a","n/a","n/a","n/a","n/a","n/a","n/a","no","n/a","n/a","n/a","n/a","n/a","n/a","yes","n/a","n/a","n/a","n/a","n/a","n/a","no","yes","yes","no","no","no"
"DZ034","DZ034-1","no","yes","yes","no","yes","no","yes","no","yes","no","yes","no","yes","yes","yes","no","no","no","no","no","yes","no","yes","yes","no","no","no"
"DZ034","DZ034-2","no","no","<","no","yes","no","yes","no","no","no","yes","no","yes","yes","yes","no","no","no","no","no","yes","no","yes","yes","no","no","no"
"DZ034","DZ034-3","no","no","yes","no","yes","no","no","no","<","no","yes","no","yes","yes","yes","<","no","no","no","no","yes","no","yes","yes","no","no","no"
"DZ034","DZ034-4","no","no","no","no","yes","no","no","no","no","no","yes","no","yes","n/a","yes","no","no","no","no","no","yes","no","yes","yes","no","no","no"
"DZ019","DZ019-1","no","yes","n/a","no","yes","no","yes","no","n/a","no","n/a","n/a","yes","n/a","yes","n/a","n/a","n/a","n/a","n/a","n/a","n/a","yes","yes","n/a","n/a","n/a"
"DZ035","DZ035-2","no","yes","no","no","yes","no","yes","no","no","no","yes","no","yes","yes","yes","no","no","n/a","n/a","n/a","n/a","no","yes","yes","no","no","no"
"DZ035","DZ035-1","n/a","n/a","n/a","n/a","n/a","n/a","n/a","n/a","n/a","n/a","n/a","n/a","n/a","n/a","n/a","n/a","n/a","n/a","n/a","n/a","n/a","n/a","yes","n/a","n/a","n/a","n/a"
"DZ035","DZ035-3","n/a","n/a","n/a","n/a","n/a","n/a","n/a","n/a","n/a","n/a","n/a","n/a","n/a","n/a","n/a","n/a","n/a","n/a","n/a","n/a","n/a","n/a","yes","n/a","n/a","n/a","n/a"
"DZ046","DZ046-4","n/a","n/a","n/a","n/a","n/a","n/a","n/a","no","n/a","n/a","yes","n/a","n/a","n/a","<","n/a","n/a","n/a","n/a","n/a","n/a","n/a","yes","yes","n/a","n/a","n/a"
"DZ046","DZ046-3","n/a","n/a","n/a","n/a","n/a","n/a","n/a","no","n/a","n/a","yes","n/a","n/a","n/a","<","n/a","n/a","n/a","n/a","n/a","n/a","n/a","yes","yes","n/a","n/a","n/a"
"DZ046","DZ046-2","n/a","n/a","n/a","n/a","n/a","n/a","n/a","no","n/a","n/a","yes","n/a","n/a","n/a","<","n/a","n/a","n/a","n/a","n/a","n/a","n/a","yes","yes","n/a","n/a","n/a"
"DZ046","DZ046-1","n/a","n/a","n/a","n/a","n/a","n/a","n/a","no","n/a","n/a","yes","n/a","n/a","n/a","<","n/a","n/a","n/a","n/a","n/a","n/a","n/a","yes","yes","n/a","n/a","n/a"
"DZ014","DZ014-1","yes","yes","n/a","yes","?","no","no","no","n/a","?","yes","no","yes","yes","yes","no","no","no","no","no","yes","yes","yes","yes","yes","yes","yes"
"DZ014","DZ014-3","yes","yes","n/a","yes","?","no","no","no","n/a","?","yes","no","yes","yes","yes","no","no","no","no","no","yes","yes","yes","yes","no","no","yes"
"DZ014","DZ014-2","yes","yes","n/a","yes","?","no","no","no","n/a","?","yes","no","yes","yes","yes","no","no","no","no","no","yes","yes","yes","yes","yes","no","yes"
"DZ014","DZ014-4","yes","yes","n/a","yes","?","no","no","no","n/a","?","yes","no","yes","yes","yes","no","no","no","no","no","yes","yes","no","no","no","no","no"
"DZ051","DZ051-4","no","no","n/a","no","yes","no","yes","no","n/a","no","n/a","n/a","yes","yes","yes","n/a","n/a","n/a","n/a","n/a","n/a","n/a","yes","yes","no","no","no"
"DZ057","DZ057-1","n/a","n/a","n/a","n/a","n/a","n/a","n/a","n/a","n/a","n/a","n/a","n/a","n/a","n/a","n/a","n/a","n/a","n/a","n/a","n/a","n/a","n/a","yes","n/a","n/a","n/a","n/a"
"DZ050","DZ050-1","n/a","n/a","n/a","n/a","n/a","n/a","n/a","no","n/a","n/a","yes","n/a","n/a","n/a","yes","yes","n/a","n/a","n/a","n/a","n/a","n/a","yes","yes","n/a","n/a","n/a"
"DZ050","DZ050-2","n/a","n/a","n/a","n/a","n/a","n/a","n/a","n/a","n/a","n/a","n/a","n/a","n/a","n/a","n/a","n/a","n/a","n/a","n/a","n/a","n/a","n/a","yes","n/a","n/a","n/a","n/a"
"DZ029","DZ029-3","?","?","no","yes","yes","no","no","no","no","?","yes","no","yes","yes","yes","yes","no","no","no","no","yes","yes","yes","<","<","no","no"
"DZ029","DZ029-5","?","<","n/a","yes","yes","no","no","no","no","?","yes","no","yes","yes","yes","yes","no","no","no","no","yes","yes","yes","<","<","no","no"
"DZ029","DZ029-1","?","?","no","yes","<","no","no","no","no","?","yes","no","yes","yes","yes","yes","no","no","no","no","yes","yes","yes","<","<","no","no"
"DZ029","DZ029-6","?","<","n/a","yes","yes","no","no","no","no","?","yes","no","yes","yes","yes","yes","no","no","no","no","yes","yes","yes","<","<","no","no"
"DZ029","DZ029-2","?","?","no","yes","yes","no","no","no","no","?","yes","no","yes","yes","yes","yes","no","no","no","no","yes","yes","yes","<","<","no","no"
"DZ029","DZ029-4","yes","yes","n/a","yes","yes","no","no","no","no","?","yes","no","yes","yes","yes","yes","no","no","no","no","yes","yes","yes","<","<","no","no"
"DZ042","DZ042-2","n/a","n/a","n/a","n/a","n/a","n/a","n/a","no","n/a","n/a","yes","n/a","n/a","n/a","n/a","n/a","n/a","n/a","n/a","n/a","n/a","yes","yes","yes","no","no","<"
"DZ042","DZ042-1","n/a","n/a","n/a","n/a","n/a","n/a","n/a","no","n/a","n/a","n/a","n/a","n/a","n/a","n/a","n/a","n/a","n/a","n/a","n/a","n/a","n/a","yes","yes","no","no","no"
"DZ015","DZ015-1","n/a","n/a","n/a","n/a","n/a","n/a","n/a","no","n/a","n/a","n/a","n/a","n/a","n/a","n/a","n/a","n/a","n/a","n/a","n/a","n/a","yes","n/a","yes","n/a","n/a","n/a"
"DZ027","DZ027-1","n/a","n/a","n/a","n/a","n/a","n/a","n/a","n/a","n/a","n/a","n/a","n/a","n/a","n/a","n/a","n/a","n/a","n/a","n/a","n/a","n/a","n/a","yes","yes","no","no","no"
"DZ011","DZ011-1","n/a","n/a","n/a","n/a","n/a","n/a","n/a","n/a","n/a","n/a","n/a","n/a","n/a","n/a","yes","n/a","n/a","n/a","n/a","n/a","n/a","yes","yes","yes","n/a","n/a","n/a"
"DZ001","DZ001-1","n/a","n/a","n/a","n/a","n/a","n/a","n/a","n/a","n/a","n/a","n/a","n/a","n/a","n/a","n/a","n/a","n/a","n/a","n/a","n/a","n/a","n/a","yes","yes","n/a","n/a","n/a"
"DZ001","DZ001-6","n/a","n/a","n/a","n/a","n/a","n/a","n/a","n/a","n/a","n/a","n/a","n/a","n/a","n/a","n/a","n/a","n/a","n/a","n/a","n/a","n/a","n/a","yes","yes","n/a","n/a","n/a"
"DZ001","DZ001-3","n/a","n/a","n/a","n/a","n/a","n/a","n/a","n/a","n/a","n/a","n/a","n/a","n/a","n/a","n/a","n/a","n/a","n/a","n/a","n/a","n/a","n/a","yes","yes","n/a","n/a","n/a"
"DZ001","DZ001-2","n/a","n/a","n/a","n/a","n/a","n/a","n/a","n/a","n/a","n/a","n/a","n/a","n/a","n/a","n/a","n/a","n/a","n/a","n/a","n/a","n/a","n/a","yes","yes","n/a","n/a","n/a"
"DZ001","DZ001-4","n/a","n/a","n/a","n/a","n/a","n/a","n/a","n/a","n/a","n/a","n/a","n/a","n/a","n/a","n/a","n/a","n/a","n/a","n/a","n/a","n/a","n/a","yes","yes","n/a","n/a","n/a"
"DZ001","DZ001-5","n/a","n/a","n/a","n/a","n/a","n/a","n/a","n/a","n/a","n/a","n/a","n/a","n/a","n/a","n/a","n/a","n/a","n/a","n/a","n/a","n/a","n/a","yes","yes","n/a","n/a","n/a"
"DZ058","DZ058-3","n/a","n/a","n/a","n/a","n/a","n/a","n/a","n/a","n/a","n/a","n/a","n/a","n/a","n/a","n/a","n/a","n/a","n/a","n/a","n/a","n/a","n/a","yes","n/a","n/a","n/a","n/a"
"DZ058","DZ058-1","n/a","n/a","n/a","n/a","n/a","n/a","n/a","n/a","n/a","n/a","n/a","n/a","n/a","n/a","n/a","n/a","n/a","n/a","n/a","n/a","n/a","n/a","yes","n/a","n/a","n/a","n/a"
"DZ058","DZ058-2","n/a","n/a","n/a","n/a","n/a","n/a","n/a","n/a","n/a","n/a","n/a","n/a","n/a","n/a","n/a","n/a","n/a","n/a","n/a","n/a","n/a","n/a","yes","n/a","n/a","n/a","n/a"
"DZ059","DZ059-1","n/a","n/a","n/a","n/a","n/a","n/a","n/a","n/a","n/a","n/a","yes","n/a","n/a","n/a","n/a","n/a","n/a","n/a","n/a","n/a","n/a","n/a","yes","n/a","n/a","n/a","n/a"
"DZ059","DZ059-2","n/a","n/a","n/a","n/a","n/a","n/a","n/a","n/a","n/a","n/a","n/a","n/a","n/a","n/a","n/a","n/a","n/a","n/a","n/a","n/a","n/a","n/a","yes","n/a","n/a","n/a","n/a"
"DZ059","DZ059-3","n/a","n/a","n/a","n/a","n/a","n/a","n/a","n/a","n/a","n/a","yes","n/a","n/a","n/a","n/a","n/a","n/a","n/a","n/a","n/a","n/a","n/a","yes","n/a","n/a","n/a","n/a"
"DZ060","DZ060-3","n/a","n/a","n/a","n/a","n/a","n/a","n/a","n/a","n/a","n/a","n/a","n/a","n/a","n/a","n/a","n/a","n/a","n/a","n/a","n/a","n/a","n/a","yes","n/a","n/a","n/a","n/a"
"DZ060","DZ060-4","n/a","n/a","n/a","n/a","n/a","n/a","n/a","n/a","n/a","n/a","n/a","n/a","n/a","n/a","n/a","n/a","n/a","n/a","n/a","n/a","n/a","n/a","yes","n/a","n/a","n/a","n/a"
"DZ060","DZ060-1","n/a","n/a","n/a","n/a","n/a","n/a","n/a","n/a","n/a","n/a","n/a","n/a","n/a","n/a","n/a","n/a","n/a","n/a","n/a","n/a","n/a","n/a","yes","n/a","n/a","n/a","n/a"
"DZ060","DZ060-2","n/a","n/a","n/a","n/a","n/a","n/a","n/a","n/a","n/a","n/a","n/a","n/a","n/a","n/a","n/a","n/a","n/a","n/a","n/a","n/a","n/a","n/a","yes","n/a","n/a","n/a","n/a"
"DZ028","DZ028-3","n/a","n/a","n/a","n/a","n/a","n/a","n/a","n/a","n/a","n/a","n/a","n/a","n/a","n/a","n/a","n/a","n/a","n/a","n/a","n/a","n/a","n/a","n/a","n/a","n/a","n/a","n/a"
"DZ028","DZ028-1","n/a","n/a","n/a","n/a","n/a","n/a","n/a","n/a","n/a","n/a","n/a","n/a","n/a","n/a","n/a","n/a","n/a","n/a","n/a","n/a","n/a","n/a","n/a","n/a","n/a","n/a","n/a"
"DZ028","DZ028-2","n/a","n/a","n/a","n/a","n/a","n/a","n/a","n/a","n/a","n/a","n/a","n/a","n/a","n/a","n/a","n/a","n/a","n/a","n/a","n/a","n/a","n/a","n/a","n/a","n/a","n/a","n/a"
"DZ013","DZ013-1","n/a","n/a","n/a","n/a","n/a","n/a","n/a","n/a","n/a","n/a","n/a","n/a","n/a","n/a","n/a","n/a","n/a","n/a","n/a","n/a","n/a","n/a","n/a","n/a","n/a","n/a","n/a"
"DZ056","DZ056-2","n/a","n/a","n/a","n/a","n/a","n/a","n/a","n/a","n/a","n/a","n/a","n/a","n/a","n/a","n/a","n/a","n/a","n/a","n/a","n/a","n/a","n/a","n/a","n/a","n/a","n/a","n/a"
"DZ056","DZ056-1","n/a","n/a","n/a","n/a","n/a","n/a","n/a","n/a","n/a","n/a","n/a","n/a","n/a","n/a","n/a","n/a","n/a","n/a","n/a","n/a","n/a","n/a","n/a","n/a","n/a","n/a","n/a"
"DZ054","DZ054-4","n/a","n/a","n/a","n/a","n/a","n/a","n/a","n/a","n/a","n/a","n/a","n/a","n/a","n/a","yes","n/a","n/a","n/a","n/a","n/a","n/a","n/a","n/a","n/a","n/a","n/a","n/a"
"DZ054","DZ054-3","n/a","n/a","n/a","n/a","n/a","n/a","n/a","n/a","n/a","n/a","n/a","n/a","n/a","n/a","yes","n/a","n/a","n/a","n/a","n/a","n/a","n/a","n/a","n/a","n/a","n/a","n/a"
"DZ054","DZ054-2","n/a","n/a","n/a","n/a","n/a","n/a","n/a","n/a","n/a","n/a","n/a","n/a","n/a","n/a","yes","n/a","n/a","n/a","n/a","n/a","n/a","n/a","n/a","n/a","n/a","n/a","n/a"
"DZ054","DZ054-1","n/a","n/a","n/a","n/a","n/a","n/a","n/a","n/a","n/a","n/a","n/a","n/a","n/a","n/a","yes","n/a","n/a","n/a","n/a","n/a","n/a","n/a","n/a","n/a","n/a","n/a","n/a"
"DZ055","DZ055-1","n/a","n/a","n/a","n/a","n/a","n/a","n/a","n/a","n/a","n/a","n/a","n/a","n/a","n/a","yes","n/a","n/a","n/a","n/a","n/a","n/a","n/a","n/a","n/a","n/a","n/a","n/a"
"DZ025","DZ025-1","n/a","n/a","n/a","n/a","n/a","n/a","n/a","n/a","n/a","n/a","yes","n/a","n/a","n/a","n/a","n/a","n/a","n/a","n/a","n/a","n/a","n/a","n/a","n/a","n/a","n/a","n/a"
"DZ053","DZ053-1","n/a","n/a","n/a","n/a","n/a","n/a","n/a","n/a","n/a","n/a","n/a","n/a","n/a","n/a","n/a","n/a","n/a","n/a","n/a","n/a","n/a","n/a","n/a","n/a","n/a","n/a","n/a"
"DZ052","DZ052-1","n/a","n/a","n/a","n/a","n/a","n/a","n/a","n/a","n/a","n/a","n/a","n/a","n/a","n/a","n/a","n/a","n/a","n/a","n/a","n/a","n/a","n/a","n/a","n/a","n/a","n/a","n/a"
"DZ041","DZ041-1","n/a","n/a","n/a","n/a","n/a","n/a","n/a","n/a","n/a","n/a","n/a","n/a","n/a","n/a","n/a","n/a","n/a","n/a","n/a","n/a","n/a","n/a","n/a","n/a","n/a","n/a","n/a"
"DZ006","DZ006-1","n/a","n/a","n/a","n/a","n/a","n/a","n/a","n/a","n/a","n/a","n/a","n/a","n/a","n/a","n/a","n/a","n/a","n/a","n/a","n/a","n/a","n/a","n/a","n/a","n/a","n/a","n/a"
"DZ007","DZ007-1","n/a","n/a","n/a","n/a","n/a","n/a","n/a","n/a","n/a","n/a","n/a","n/a","n/a","n/a","n/a","n/a","n/a","n/a","n/a","n/a","n/a","n/a","n/a","n/a","n/a","n/a","n/a"
"DZ026","DZ026-1","n/a","n/a","n/a","n/a","n/a","n/a","n/a","n/a","n/a","n/a","n/a","n/a","n/a","n/a","n/a","n/a","n/a","n/a","n/a","n/a","n/a","yes","n/a","n/a","n/a","n/a","n/a"
"DZ033","DZ033-1","n/a","n/a","n/a","n/a","n/a","n/a","n/a","n/a","n/a","n/a","n/a","n/a","n/a","n/a","n/a","n/a","n/a","n/a","n/a","n/a","n/a","n/a","n/a","n/a","n/a","n/a","n/a"
"DZ038","DZ038-1","n/a","n/a","n/a","n/a","n/a","n/a","n/a","n/a","n/a","n/a","n/a","n/a","n/a","n/a","n/a","yes","n/a","n/a","n/a","n/a","n/a","n/a","n/a","n/a","n/a","n/a","n/a"
"DZ030","DZ030-1","n/a","n/a","n/a","n/a","n/a","n/a","n/a","n/a","n/a","n/a","n/a","n/a","n/a","n/a","n/a","n/a","n/a","n/a","n/a","n/a","n/a","n/a","n/a","n/a","n/a","n/a","n/a"
"DZ031","DZ030-2","n/a","n/a","n/a","n/a","n/a","n/a","n/a","n/a","n/a","n/a","n/a","n/a","n/a","n/a","n/a","n/a","n/a","n/a","n/a","n/a","n/a","n/a","n/a","n/a","n/a","n/a","n/a"
"DZ043","DZ043-1","n/a","n/a","n/a","n/a","n/a","n/a","n/a","n/a","n/a","n/a","n/a","n/a","n/a","n/a","yes","n/a","n/a","n/a","n/a","n/a","n/a","n/a","n/a","n/a","n/a","n/a","n/a"
"EG013","EG013-1","n/a","n/a","no","no","no","no","no","no","no","no","n/a","no","yes","yes","yes","no","yes","n/a","n/a","n/a","n/a","n/a","n/a","n/a","n/a","n/a","n/a"
"EG014","EG014-1","n/a","n/a","no","no","no","no","no","no","no","no","n/a","no","yes","yes","n/a","no","yes","n/a","n/a","n/a","n/a","n/a","n/a","n/a","n/a","n/a","n/a"
"EG015","EG015-1","?","?","no","yes","no","no","no","no","no","no","n/a","no","yes","yes","n/a","no","n/a","n/a","n/a","n/a","n/a","n/a","n/a","n/a","n/a","n/a","n/a"
"EG015","EG015-2","yes","?","no","yes","no","no","no","no","no","no","n/a","no","yes","yes","n/a","no","yes","n/a","n/a","n/a","n/a","yes","n/a","n/a","n/a","n/a","n/a"
"EG015","EG015-3","yes","no","no","yes","no","no","no","no","no","no","no","no","yes","yes","yes","no","yes","n/a","n/a","n/a","n/a","yes","yes","yes","no","yes","no"
"EG016","EG016-1","?","yes","<","no","no","no","no","no","no","no","yes","no","yes","yes","yes","no","yes","n/a","n/a","n/a","yes","no","yes","yes","no","<","no"
"EG016","EG016-4","n/a","n/a","n/a","n/a","n/a","n/a","n/a","no","n/a","n/a","n/a","n/a","yes","n/a","n/a","n/a","n/a","n/a","n/a","n/a","n/a","n/a","n/a","n/a","n/a","n/a","n/a"
"EG017","EG017-2","yes","no","no","yes","no","no","no","no","no","yes","yes","no","yes","yes","yes","no","yes","no","no","no","no","yes","no","yes","yes","yes","yes"
"EG022","EG022-1","yes","no","no","yes","no","no","no","no","no","<","yes","no","yes","yes","n/a","n/a","yes","no","no","no","yes","yes","no","yes","yes","yes","n/a"
"EG023","EG023-1","no","no","yes","no","no","no","no","no","no","no","<","no","yes","yes","n/a","n/a","yes","no","no","no","yes","no","yes","yes","no","no","no"
"EG024","EG024-1","no","no","yes","no","<","no","no","no","no","no","<","no","yes","yes","n/a","n/a","yes","no","no","no","yes","yes","no","yes","yes","yes","n/a"
"EG068","EG068-1","n/a","n/a","n/a","n/a","n/a","n/a","n/a","no","n/a","n/a","n/a","n/a","n/a","n/a","yes","no","n/a","n/a","n/a","n/a","n/a","yes","no","yes","no","yes","no"
"EG064","EG064-1","yes","no","no","no","no","no","no","no","no","no","n/a","no","n/a","n/a","yes","no","n/a","n/a","n/a","n/a","n/a","yes","no","yes","no","yes","no"
"EG069","EG069-1","n/a","n/a","n/a","n/a","n/a","n/a","n/a","no","n/a","n/a","n/a","n/a","n/a","n/a","yes","no","n/a","n/a","n/a","n/a","n/a","yes","no","yes","no","no","no"
"EG065","EG065-1","yes","no","no","no","no","no","no","no","no","no","n/a","no","n/a","n/a","yes","no","n/a","n/a","n/a","n/a","n/a","yes","no","yes","no","yes","no"
"EG069","EG069-2","n/a","n/a","n/a","n/a","n/a","n/a","n/a","no","n/a","n/a","n/a","n/a","n/a","n/a","yes","no","n/a","n/a","n/a","n/a","n/a","yes","n/a","n/a","n/a","n/a","n/a"
"EG060","EG060-2","n/a","n/a","n/a","n/a","n/a","n/a","n/a","no","n/a","n/a","n/a","n/a","n/a","n/a","yes","no","n/a","n/a","n/a","n/a","n/a","yes","no","yes","no","no","no"
"EG060","EG060-1","n/a","n/a","n/a","n/a","n/a","n/a","n/a","no","n/a","n/a","n/a","n/a","n/a","n/a","yes","no","n/a","n/a","n/a","n/a","n/a","no","no","no","no","no","no"
"EG061","EG061-1","n/a","n/a","n/a","n/a","n/a","n/a","n/a","no","n/a","n/a","n/a","n/a","n/a","n/a","yes","no","n/a","n/a","n/a","n/a","n/a","no","no","no","no","no","no"
"EG063","EG063-1","n/a","n/a","n/a","n/a","n/a","n/a","n/a","no","n/a","n/a","n/a","n/a","n/a","n/a","yes","no","n/a","n/a","n/a","n/a","n/a","yes","no","yes","no","<","no"
"EG066","EG066-1","n/a","n/a","n/a","n/a","n/a","n/a","n/a","no","n/a","n/a","n/a","n/a","n/a","n/a","yes","no","n/a","n/a","n/a","n/a","n/a","n/a","yes","yes","no","yes","no"
"EG067","EG067-1","no","no","yes","yes","no","no","no","no","no","no","no","no","no","no","no","no","no","no","no","no","no","no","no","no","no","no","no"
"EG070","EG070-1","n/a","n/a","n/a","n/a","n/a","n/a","n/a","no","n/a","n/a","n/a","n/a","n/a","n/a","yes","no","n/a","n/a","n/a","n/a","n/a","no","no","yes","no","no","no"
"EG062","EG062-1","yes","no","no","yes","no","no","no","no","no","no","yes","no","yes","yes","yes","no","yes","n/a","n/a","n/a","n/a","yes","yes","yes","no","<","no"
"EG071","EG071-1","no","no","yes","no","no","no","no","no","no","no","no","no","yes","yes","yes","no","yes","n/a","n/a","n/a","n/a","yes","no","yes","no","no","no"
"EG071","EG071-2","no","no","yes","no","no","no","no","no","no","no","no","no","yes","yes","yes","no","yes","n/a","n/a","n/a","n/a","yes","no","yes","no","no","no"
"EG074","EG074-1","yes","no","no","yes","no","no","no","no","no","no","no","no","yes","yes","yes","no","yes","n/a","n/a","n/a","n/a","yes","no","yes","no","<","no"
"EG072","EG072-1","no","no","yes","no","no","no","no","no","no","no","no","no","yes","yes","yes","no","yes","n/a","n/a","n/a","n/a","yes","no","yes","no","no","no"
"EG073","EG073-1","no","no","yes","no","no","no","no","no","no","no","no","no","yes","yes","yes","no","yes","n/a","n/a","n/a","n/a","yes","no","yes","no","no","no"
"EG046","EG046-1","yes","no","yes","yes","no","no","no","no","no","?","yes","no","yes","yes","yes","<","yes","no","no","no","no","yes","yes","yes","yes","yes","yes"
"EG017","EG017-1","n/a","n/a","no","yes","no","no","no","no","no","no","n/a","no","yes","yes","yes","no","yes","n/a","n/a","n/a","n/a","yes","n/a","n/a","n/a","n/a","n/a"
"EG016","EG016-2","?","?","<","no","no","no","no","no","no","no","yes","no","yes","yes","yes","no","yes","n/a","n/a","n/a","yes","no","yes","yes","no","<","no"
"EG016","EG016-3","?","?","<","<","no","no","no","no","no","no","yes","no","yes","yes","yes","no","yes","n/a","n/a","n/a","yes","no","yes","yes","no","<","no"
"EG047","EG047-2","n/a","n/a","n/a","n/a","n/a","n/a","n/a","no","n/a","n/a","yes","n/a","n/a","n/a","n/a","n/a","n/a","n/a","n/a","n/a","n/a","yes","<","yes","no","yes","no"
"EG047","EG047-1","n/a","n/a","n/a","n/a","n/a","n/a","n/a","no","n/a","n/a","yes","n/a","n/a","n/a","n/a","n/a","n/a","n/a","n/a","n/a","n/a","no","<","yes","no","<","no"
"EG044","EG044-1","n/a","n/a","n/a","n/a","n/a","n/a","n/a","no","n/a","n/a","yes","n/a","n/a","n/a","n/a","n/a","n/a","n/a","n/a","n/a","n/a","yes","no","<","<","yes","no"
"EG156","EG156-1","n/a","n/a","n/a","n/a","n/a","n/a","n/a","no","n/a","n/a","n/a","n/a","n/a","n/a","n/a","n/a","n/a","yes","n/a","n/a","n/a","yes","no","yes","yes","yes","n/a"
"EG020","EG020-1","n/a","n/a","n/a","n/a","n/a","n/a","n/a","no","n/a","n/a","n/a","n/a","n/a","n/a","n/a","n/a","n/a","n/a","n/a","n/a","n/a","n/a","n/a","n/a","n/a","n/a","n/a"
"EG130","EG130-1","n/a","n/a","n/a","n/a","n/a","n/a","n/a","no","n/a","n/a","yes","n/a","n/a","n/a","n/a","n/a","n/a","n/a","n/a","n/a","n/a","no","no","yes","yes","yes","no"
"EG132","EG132-1","n/a","n/a","n/a","n/a","n/a","n/a","n/a","no","n/a","n/a","yes","n/a","n/a","n/a","n/a","n/a","n/a","n/a","n/a","n/a","n/a","no","no","yes","yes","yes","no"
"EG133","EG133-2","n/a","n/a","n/a","n/a","n/a","n/a","n/a","no","n/a","n/a","yes","n/a","n/a","n/a","n/a","n/a","n/a","n/a","n/a","n/a","n/a","no","no","yes","yes","yes","no"
"EG133","EG133-1","n/a","n/a","n/a","n/a","n/a","n/a","n/a","no","n/a","n/a","yes","n/a","n/a","n/a","n/a","n/a","n/a","n/a","n/a","n/a","n/a","no","yes","yes","no","no","no"
"EG136","EG136-1","n/a","n/a","n/a","n/a","n/a","n/a","n/a","no","n/a","n/a","yes","n/a","n/a","n/a","n/a","n/a","n/a","n/a","n/a","n/a","n/a","no","no","yes","yes","yes","no"
"EG135","EG135-1","n/a","n/a","n/a","n/a","n/a","n/a","n/a","no","n/a","n/a","yes","n/a","n/a","n/a","n/a","n/a","n/a","n/a","n/a","n/a","n/a","no","no","yes","yes","yes","no"
"EG128","EG128-1","n/a","n/a","n/a","n/a","n/a","n/a","n/a","no","n/a","n/a","yes","n/a","n/a","n/a","n/a","n/a","n/a","n/a","n/a","n/a","n/a","no","no","yes","yes","yes","no"
"EG131","EG131-1","n/a","n/a","n/a","n/a","n/a","n/a","n/a","no","n/a","n/a","yes","n/a","n/a","n/a","n/a","n/a","n/a","n/a","n/a","n/a","n/a","no","yes","yes","no","no","no"
"EG134","EG134-1","n/a","n/a","n/a","n/a","n/a","n/a","n/a","no","n/a","n/a","yes","n/a","n/a","n/a","n/a","n/a","n/a","n/a","n/a","n/a","n/a","no","yes","yes","yes","yes","no"
"EG129","EG129-1","n/a","n/a","n/a","n/a","n/a","n/a","n/a","no","n/a","n/a","yes","n/a","n/a","n/a","n/a","n/a","n/a","n/a","n/a","n/a","n/a","no","no","yes","yes","yes","no"
"EG126","EG126-1","n/a","n/a","n/a","n/a","n/a","n/a","n/a","no","n/a","n/a","yes","n/a","n/a","n/a","n/a","n/a","n/a","n/a","n/a","n/a","n/a","no","yes","yes","no","no","no"
"EG038","EG038-1","n/a","n/a","n/a","n/a","n/a","n/a","n/a","no","n/a","n/a","yes","n/a","n/a","n/a","n/a","n/a","n/a","n/a","n/a","n/a","n/a","no","yes","yes","no","no","no"
"EG137","EG137-1","n/a","n/a","n/a","n/a","n/a","n/a","n/a","no","n/a","n/a","yes","n/a","n/a","n/a","n/a","n/a","n/a","n/a","n/a","n/a","n/a","no","no","yes","yes","yes","no"
"EG025","EG025-1","n/a","n/a","n/a","n/a","n/a","n/a","n/a","no","n/a","n/a","yes","n/a","n/a","n/a","n/a","n/a","n/a","n/a","n/a","n/a","n/a","no","yes","yes","yes","no","no"
"EG037","EG037-1","n/a","n/a","n/a","n/a","n/a","n/a","n/a","no","n/a","n/a","yes","n/a","n/a","n/a","n/a","n/a","n/a","n/a","n/a","n/a","n/a","no","yes","yes","yes","no","no"
"EG018","EG018-1","n/a","n/a","n/a","n/a","n/a","n/a","n/a","no","n/a","n/a","yes","n/a","n/a","n/a","n/a","n/a","n/a","n/a","n/a","n/a","n/a","no","no","yes","yes","yes","no"
"EG140","EG140-1","n/a","n/a","n/a","n/a","n/a","n/a","n/a","no","n/a","n/a","yes","n/a","n/a","n/a","n/a","n/a","n/a","n/a","n/a","n/a","n/a","no","no","yes","yes","yes","no"
"EG138","EG138-1","n/a","n/a","n/a","n/a","n/a","n/a","n/a","no","n/a","n/a","yes","n/a","n/a","n/a","n/a","n/a","n/a","n/a","n/a","n/a","n/a","no","yes","yes","no","no","no"
"EG127","EG127-1","n/a","n/a","n/a","n/a","n/a","n/a","n/a","no","n/a","n/a","yes","n/a","n/a","n/a","n/a","n/a","n/a","n/a","n/a","n/a","n/a","no","yes","yes","no","no","no"
"EG139","EG139-1","n/a","n/a","n/a","n/a","n/a","n/a","n/a","no","n/a","n/a","yes","n/a","n/a","n/a","n/a","n/a","n/a","n/a","n/a","n/a","n/a","no","yes","yes","no","no","no"
"EG036","EG036-1","n/a","n/a","n/a","n/a","n/a","n/a","n/a","no","n/a","n/a","yes","n/a","n/a","n/a","n/a","n/a","n/a","n/a","n/a","n/a","n/a","no","yes","yes","no","no","no"
"EG056","EG056-3","yes","yes","no","yes","no","no","no","no","no","yes","no","no","yes","yes","yes","<","yes","yes","yes","no","yes","yes","no","yes","yes","yes","yes"
"EG056","EG056-2","yes","yes","no","yes","no","no","no","no","no","yes","no","no","yes","yes","yes","<","yes","yes","yes","no","yes","yes","no","yes","yes","yes","yes"
"EG056","EG056-6","yes","yes","no","yes","no","no","no","no","no","yes","no","no","yes","yes","yes","<","yes","yes","yes","no","yes","yes","no","yes","yes","yes","yes"
"EG056","EG056-5","yes","yes","no","yes","no","no","no","no","no","yes","no","no","yes","yes","yes","<","yes","yes","yes","no","yes","yes","no","yes","yes","yes","yes"
"EG056","EG056-1","yes","yes","no","yes","no","no","no","no","no","yes","no","no","yes","yes","yes","<","yes","<","<","no","yes","yes","no","yes","yes","yes","yes"
"EG056",NULL,"yes","yes","no","yes","no","no","no","no","no","yes","no","no","yes","yes","yes","<","yes","<","<","no","yes","yes","no","yes","yes","yes","yes"
"EG056","EG056-4","yes","no","no","yes","no","no","no","no","no","yes","no","no","yes","yes","yes","<","yes","yes","yes","no","yes","yes","no","yes","yes","yes","yes"
"EG055","EG055-1","n/a","n/a","n/a","n/a","n/a","n/a","n/a","n/a","n/a","n/a","n/a","n/a","n/a","n/a","n/a","n/a","n/a","n/a","n/a","n/a","n/a","n/a","n/a","n/a","n/a","n/a","n/a"
"EG054","EG054-2","yes","no","no","yes","no","yes","yes","no","no","yes","n/a","n/a","yes","yes","n/a","n/a","n/a","yes","no","no","yes","yes","no","yes","<","<","no"
"EG054","EG054-1","yes","no","no","yes","no","yes","yes","no","no","yes","n/a","n/a","yes","yes","n/a","n/a","n/a","yes","no","no","yes","yes","no","yes","<","<","no"
"EG054","EG054-3","no","no","no","no","no","no","yes","no","no","no","no","no","yes","no","yes","no","no","no","no","no","no","yes","no","no","no","no","no"
"EG008","EG008-2","yes","yes","no","yes","no","yes","no","yes","no","yes","no","no","yes","yes","yes","yes","yes","yes","no","no","yes","yes","n/a","n/a","n/a","n/a","n/a"
"EG008","EG008-1","yes","yes","no","yes","no","no","no","no","no","yes","no","no","yes","yes","yes","yes","yes","yes","no","no","yes","yes","no","yes","no","<","no"
"EG019","EG019-2","yes","no","no","yes","no","no","no","no","no","yes","yes","no","yes","yes","no","no","yes","yes","no","no","yes","yes","yes","yes","yes","yes","yes"
"EG019","EG019-1","yes","no","no","yes","no","no","no","no","no","yes","yes","no","yes","yes","no","no","yes","yes","no","no","yes","yes","yes","yes","yes","yes","yes"
"EG075","EG075-1","yes","<","no","yes","no","?","no","no","no","yes","no","no","yes","yes","no","no","yes","yes","<","no","yes","yes","no","yes","yes","yes","no"
"EG059","EG059-2","no","no","no","no","no","no","no","no","no","no","no","no","no","no","yes","no","no","no","no","no","no","yes","no","no","no","yes","no"
"EG059","EG059-1","no","no","no","no","no","no","no","no","no","no","no","no","no","no","yes","no","no","no","no","no","no","yes","no","no","no","yes","no"
"EG147","EG147-1","yes","n/a","n/a","yes","n/a","n/a","n/a","n/a","n/a","yes","n/a","n/a","n/a","n/a","n/a","n/a","n/a","yes","n/a","n/a","n/a","yes","n/a","n/a","n/a","n/a","n/a"
"EG157","EG157-3","no","no","no","yes","no","yes","no","no","no","no","no","no","yes","no","no","no","<","no","no","no","no","yes","no","yes","no","no","no"
"EG157","EG157-2","no","no","no","yes","no","yes","no","no","no","no","no","no","no","no","no","no","no","no","no","no","no","no","no","yes","no","yes","no"
"EG157","EG157-4","no","no","no","no","no","no","no","no","no","no","no","no","yes","no","no","no","no","no","no","no","no","no","no","no","no","no","no"
"EG157","EG157-1","no","no","no","no","no","no","no","no","no","no","no","no","yes","no","no","no","no","no","no","no","no","yes","no","no","no","no","no"
"EG158","EG158-1","no","no","no","yes","no","no","no","no","no","yes","no","no","yes","no","yes","no","no","no","no","no","no","yes","no","yes","no","<","no"
"EG045","EG045-2","yes","no","no","yes","no","no","no","no","yes","yes","yes","no","yes","yes","yes","no","yes","yes","no","no","yes","yes","no","yes","no","yes","no"
"EG045","EG045-1","n/a","n/a","n/a","n/a","n/a","n/a","n/a","n/a","n/a","n/a","n/a","n/a","n/a","n/a","n/a","n/a","n/a","n/a","n/a","n/a","n/a","n/a","n/a","n/a","n/a","n/a","n/a"
"EG148","EG148-3","yes","no","no","yes","no","yes","yes","yes","no","yes","n/a","n/a","yes","yes","n/a","n/a","n/a","yes","n/a","n/a","yes","yes","no","yes","no","<","no"
"EG148","EG148-2","yes","no","no","yes","no","yes","yes","yes","no","yes","n/a","n/a","yes","yes","n/a","n/a","n/a","yes","n/a","n/a","yes","yes","no","yes","no","<","no"
"EG148","EG148-4","yes","no","no","yes","no","yes","yes","yes","no","yes","n/a","n/a","yes","yes","n/a","n/a","n/a","yes","n/a","n/a","yes","yes","no","yes","no","<","no"
"EG148","EG148-1","yes","no","no","yes","no","yes","yes","yes","no","yes","n/a","n/a","yes","yes","n/a","n/a","n/a","yes","n/a","n/a","yes","yes","no","yes","no","<","no"
"EG151","EG151-1","n/a","n/a","n/a","n/a","n/a","n/a","n/a","n/a","n/a","n/a","n/a","n/a","yes","n/a","n/a","n/a","n/a","n/a","n/a","n/a","n/a","n/a","n/a","n/a","n/a","n/a","n/a"
"EG150","EG150-1","n/a","n/a","n/a","n/a","n/a","n/a","n/a","n/a","n/a","n/a","n/a","n/a","n/a","n/a","n/a","n/a","n/a","n/a","n/a","n/a","n/a","n/a","n/a","n/a","n/a","n/a","n/a"
"EG100","EG100-1",NULL,NULL,NULL,NULL,NULL,NULL,NULL,NULL,NULL,NULL,NULL,NULL,NULL,NULL,NULL,NULL,NULL,NULL,NULL,NULL,NULL,NULL,NULL,NULL,NULL,NULL,NULL
"EG052","EG052-1",NULL,NULL,NULL,NULL,NULL,NULL,NULL,NULL,NULL,NULL,NULL,NULL,NULL,NULL,NULL,NULL,NULL,NULL,NULL,NULL,NULL,NULL,NULL,NULL,NULL,NULL,NULL
"EG142","EG142-1",NULL,NULL,NULL,NULL,NULL,NULL,NULL,NULL,NULL,NULL,NULL,NULL,NULL,NULL,NULL,NULL,NULL,NULL,NULL,NULL,NULL,NULL,NULL,NULL,NULL,NULL,NULL
"EG143","EG143-1",NULL,NULL,NULL,NULL,NULL,NULL,NULL,NULL,NULL,NULL,NULL,NULL,NULL,NULL,NULL,NULL,NULL,NULL,NULL,NULL,NULL,NULL,NULL,NULL,NULL,NULL,NULL
"EG145","EG145-1",NULL,NULL,NULL,NULL,NULL,NULL,NULL,NULL,NULL,NULL,NULL,NULL,NULL,NULL,NULL,NULL,NULL,NULL,NULL,NULL,NULL,NULL,NULL,NULL,NULL,NULL,NULL
"EG142","EG142-2",NULL,NULL,NULL,NULL,NULL,NULL,NULL,NULL,NULL,NULL,NULL,NULL,NULL,NULL,NULL,NULL,NULL,NULL,NULL,NULL,NULL,NULL,NULL,NULL,NULL,NULL,NULL
"EG144","EG144-1",NULL,NULL,NULL,NULL,NULL,NULL,NULL,NULL,NULL,NULL,NULL,NULL,NULL,NULL,NULL,NULL,NULL,NULL,NULL,NULL,NULL,NULL,NULL,NULL,NULL,NULL,NULL
"EG146","EG146-1",NULL,NULL,NULL,NULL,NULL,NULL,NULL,NULL,NULL,NULL,NULL,NULL,NULL,NULL,NULL,NULL,NULL,NULL,NULL,NULL,NULL,NULL,NULL,NULL,NULL,NULL,NULL
"EG160","EG160-1",NULL,NULL,NULL,NULL,NULL,NULL,NULL,NULL,NULL,NULL,NULL,NULL,NULL,NULL,NULL,NULL,NULL,NULL,NULL,NULL,NULL,NULL,NULL,NULL,NULL,NULL,NULL
"EG141","EG141-1",NULL,NULL,NULL,NULL,NULL,NULL,NULL,NULL,NULL,NULL,NULL,NULL,NULL,NULL,NULL,NULL,NULL,NULL,NULL,NULL,NULL,NULL,NULL,NULL,NULL,NULL,NULL
"EG083","EG083-1",NULL,NULL,NULL,NULL,NULL,NULL,NULL,NULL,NULL,NULL,NULL,NULL,NULL,NULL,NULL,NULL,NULL,NULL,NULL,NULL,NULL,NULL,NULL,NULL,NULL,NULL,NULL
"EG084","EG084-1",NULL,NULL,NULL,NULL,NULL,NULL,NULL,NULL,NULL,NULL,NULL,NULL,NULL,NULL,NULL,NULL,NULL,NULL,NULL,NULL,NULL,NULL,NULL,NULL,NULL,NULL,NULL
"EG093","EG093-1",NULL,NULL,NULL,NULL,NULL,NULL,NULL,NULL,NULL,NULL,NULL,NULL,NULL,NULL,NULL,NULL,NULL,NULL,NULL,NULL,NULL,NULL,NULL,NULL,NULL,NULL,NULL
"EG039","EG039-1",NULL,NULL,NULL,NULL,NULL,NULL,NULL,NULL,NULL,NULL,NULL,NULL,NULL,NULL,NULL,NULL,NULL,NULL,NULL,NULL,NULL,NULL,NULL,NULL,NULL,NULL,NULL
"EG011","EG011-1",NULL,NULL,NULL,NULL,NULL,NULL,NULL,NULL,NULL,NULL,NULL,NULL,NULL,NULL,NULL,NULL,NULL,NULL,NULL,NULL,NULL,NULL,NULL,NULL,NULL,NULL,NULL
"EG107","EG107-1",NULL,NULL,NULL,NULL,NULL,NULL,NULL,NULL,NULL,NULL,NULL,NULL,NULL,NULL,NULL,NULL,NULL,NULL,NULL,NULL,NULL,NULL,NULL,NULL,NULL,NULL,NULL
"EG109","EG109-1",NULL,NULL,NULL,NULL,NULL,NULL,NULL,NULL,NULL,NULL,NULL,NULL,NULL,NULL,NULL,NULL,NULL,NULL,NULL,NULL,NULL,NULL,NULL,NULL,NULL,NULL,NULL
"EG104","EG104-1",NULL,NULL,NULL,NULL,NULL,NULL,NULL,NULL,NULL,NULL,NULL,NULL,NULL,NULL,NULL,NULL,NULL,NULL,NULL,NULL,NULL,NULL,NULL,NULL,NULL,NULL,NULL
"EG111","EG111-1",NULL,NULL,NULL,NULL,NULL,NULL,NULL,NULL,NULL,NULL,NULL,NULL,NULL,NULL,NULL,NULL,NULL,NULL,NULL,NULL,NULL,NULL,NULL,NULL,NULL,NULL,NULL
"EG105","EG105-1",NULL,NULL,NULL,NULL,NULL,NULL,NULL,NULL,NULL,NULL,NULL,NULL,NULL,NULL,NULL,NULL,NULL,NULL,NULL,NULL,NULL,NULL,NULL,NULL,NULL,NULL,NULL
"EG103","EG103-1",NULL,NULL,NULL,NULL,NULL,NULL,NULL,NULL,NULL,NULL,NULL,NULL,NULL,NULL,NULL,NULL,NULL,NULL,NULL,NULL,NULL,NULL,NULL,NULL,NULL,NULL,NULL
"EG113","EG113-1",NULL,NULL,NULL,NULL,NULL,NULL,NULL,NULL,NULL,NULL,NULL,NULL,NULL,NULL,NULL,NULL,NULL,NULL,NULL,NULL,NULL,NULL,NULL,NULL,NULL,NULL,NULL
"EG106","EG106-1",NULL,NULL,NULL,NULL,NULL,NULL,NULL,NULL,NULL,NULL,NULL,NULL,NULL,NULL,NULL,NULL,NULL,NULL,NULL,NULL,NULL,NULL,NULL,NULL,NULL,NULL,NULL
"EG119","EG119-1",NULL,NULL,NULL,NULL,NULL,NULL,NULL,NULL,NULL,NULL,NULL,NULL,NULL,NULL,NULL,NULL,NULL,NULL,NULL,NULL,NULL,NULL,NULL,NULL,NULL,NULL,NULL
"EG118","EG118-1",NULL,NULL,NULL,NULL,NULL,NULL,NULL,NULL,NULL,NULL,NULL,NULL,NULL,NULL,NULL,NULL,NULL,NULL,NULL,NULL,NULL,NULL,NULL,NULL,NULL,NULL,NULL
"EG042","EG042-1",NULL,NULL,NULL,NULL,NULL,NULL,NULL,NULL,NULL,NULL,NULL,NULL,NULL,NULL,NULL,NULL,NULL,NULL,NULL,NULL,NULL,NULL,NULL,NULL,NULL,NULL,NULL
"EG110","EG110-1",NULL,NULL,NULL,NULL,NULL,NULL,NULL,NULL,NULL,NULL,NULL,NULL,NULL,NULL,NULL,NULL,NULL,NULL,NULL,NULL,NULL,NULL,NULL,NULL,NULL,NULL,NULL
"EG012","EG012-1",NULL,NULL,NULL,NULL,NULL,NULL,NULL,NULL,NULL,NULL,NULL,NULL,NULL,NULL,NULL,NULL,NULL,NULL,NULL,NULL,NULL,NULL,NULL,NULL,NULL,NULL,NULL
"EG096","EG096-1",NULL,NULL,NULL,NULL,NULL,NULL,NULL,NULL,NULL,NULL,NULL,NULL,NULL,NULL,NULL,NULL,NULL,NULL,NULL,NULL,NULL,NULL,NULL,NULL,NULL,NULL,NULL
"EG102","EG102-1",NULL,NULL,NULL,NULL,NULL,NULL,NULL,NULL,NULL,NULL,NULL,NULL,NULL,NULL,NULL,NULL,NULL,NULL,NULL,NULL,NULL,NULL,NULL,NULL,NULL,NULL,NULL
"EG028","EG028-1",NULL,NULL,NULL,NULL,NULL,NULL,NULL,NULL,NULL,NULL,NULL,NULL,NULL,NULL,NULL,NULL,NULL,NULL,NULL,NULL,NULL,NULL,NULL,NULL,NULL,NULL,NULL
"EG117","EG117-1",NULL,NULL,NULL,NULL,NULL,NULL,NULL,NULL,NULL,NULL,NULL,NULL,NULL,NULL,NULL,NULL,NULL,NULL,NULL,NULL,NULL,NULL,NULL,NULL,NULL,NULL,NULL
"EG006","EG006-1",NULL,NULL,NULL,NULL,NULL,NULL,NULL,NULL,NULL,NULL,NULL,NULL,NULL,NULL,NULL,NULL,NULL,NULL,NULL,NULL,NULL,NULL,NULL,NULL,NULL,NULL,NULL
"EG085","EG085-4",NULL,NULL,NULL,NULL,NULL,NULL,NULL,NULL,NULL,NULL,NULL,NULL,NULL,NULL,NULL,NULL,NULL,NULL,NULL,NULL,NULL,NULL,NULL,NULL,NULL,NULL,NULL
"EG085","EG085-5",NULL,NULL,NULL,NULL,NULL,NULL,NULL,NULL,NULL,NULL,NULL,NULL,NULL,NULL,NULL,NULL,NULL,NULL,NULL,NULL,NULL,NULL,NULL,NULL,NULL,NULL,NULL
"EG005","EG005-1",NULL,NULL,NULL,NULL,NULL,NULL,NULL,NULL,NULL,NULL,NULL,NULL,NULL,NULL,NULL,NULL,NULL,NULL,NULL,NULL,NULL,NULL,NULL,NULL,NULL,NULL,NULL
"EG057","EG057-1",NULL,NULL,NULL,NULL,NULL,NULL,NULL,NULL,NULL,NULL,NULL,NULL,NULL,NULL,NULL,NULL,NULL,NULL,NULL,NULL,NULL,NULL,NULL,NULL,NULL,NULL,NULL
"EG026","EG026-1",NULL,NULL,NULL,NULL,NULL,NULL,NULL,NULL,NULL,NULL,NULL,NULL,NULL,NULL,NULL,NULL,NULL,NULL,NULL,NULL,NULL,NULL,NULL,NULL,NULL,NULL,NULL
"EG006","EG006-3",NULL,NULL,NULL,NULL,NULL,NULL,NULL,NULL,NULL,NULL,NULL,NULL,NULL,NULL,NULL,NULL,NULL,NULL,NULL,NULL,NULL,NULL,NULL,NULL,NULL,NULL,NULL
"EG006","EG006-2",NULL,NULL,NULL,NULL,NULL,NULL,NULL,NULL,NULL,NULL,NULL,NULL,NULL,NULL,NULL,NULL,NULL,NULL,NULL,NULL,NULL,NULL,NULL,NULL,NULL,NULL,NULL
"EG010","EG010-1",NULL,NULL,NULL,NULL,NULL,NULL,NULL,NULL,NULL,NULL,NULL,NULL,NULL,NULL,NULL,NULL,NULL,NULL,NULL,NULL,NULL,NULL,NULL,NULL,NULL,NULL,NULL
"EG003","EG003-1",NULL,NULL,NULL,NULL,NULL,NULL,NULL,NULL,NULL,NULL,NULL,NULL,NULL,NULL,NULL,NULL,NULL,NULL,NULL,NULL,NULL,NULL,NULL,NULL,NULL,NULL,NULL
"EG085","EG085-1",NULL,NULL,NULL,NULL,NULL,NULL,NULL,NULL,NULL,NULL,NULL,NULL,NULL,NULL,NULL,NULL,NULL,NULL,NULL,NULL,NULL,NULL,NULL,NULL,NULL,NULL,NULL
"EG029","EG029-1",NULL,NULL,NULL,NULL,NULL,NULL,NULL,NULL,NULL,NULL,NULL,NULL,NULL,NULL,NULL,NULL,NULL,NULL,NULL,NULL,NULL,NULL,NULL,NULL,NULL,NULL,NULL
"EG032","EG032-1",NULL,NULL,NULL,NULL,NULL,NULL,NULL,NULL,NULL,NULL,NULL,NULL,NULL,NULL,NULL,NULL,NULL,NULL,NULL,NULL,NULL,NULL,NULL,NULL,NULL,NULL,NULL
"EG030","EG030-1",NULL,NULL,NULL,NULL,NULL,NULL,NULL,NULL,NULL,NULL,NULL,NULL,NULL,NULL,NULL,NULL,NULL,NULL,NULL,NULL,NULL,NULL,NULL,NULL,NULL,NULL,NULL
"EG081","EG081-1",NULL,NULL,NULL,NULL,NULL,NULL,NULL,NULL,NULL,NULL,NULL,NULL,NULL,NULL,NULL,NULL,NULL,NULL,NULL,NULL,NULL,NULL,NULL,NULL,NULL,NULL,NULL
"EG101","EG101-1",NULL,NULL,NULL,NULL,NULL,NULL,NULL,NULL,NULL,NULL,NULL,NULL,NULL,NULL,NULL,NULL,NULL,NULL,NULL,NULL,NULL,NULL,NULL,NULL,NULL,NULL,NULL
"EG082","EG082-1",NULL,NULL,NULL,NULL,NULL,NULL,NULL,NULL,NULL,NULL,NULL,NULL,NULL,NULL,NULL,NULL,NULL,NULL,NULL,NULL,NULL,NULL,NULL,NULL,NULL,NULL,NULL
"EG027","EG027-1",NULL,NULL,NULL,NULL,NULL,NULL,NULL,NULL,NULL,NULL,NULL,NULL,NULL,NULL,NULL,NULL,NULL,NULL,NULL,NULL,NULL,NULL,NULL,NULL,NULL,NULL,NULL
"EG002","EG002-1",NULL,NULL,NULL,NULL,NULL,NULL,NULL,NULL,NULL,NULL,NULL,NULL,NULL,NULL,NULL,NULL,NULL,NULL,NULL,NULL,NULL,NULL,NULL,NULL,NULL,NULL,NULL
"EG092","EG092-1",NULL,NULL,NULL,NULL,NULL,NULL,NULL,NULL,NULL,NULL,NULL,NULL,NULL,NULL,NULL,NULL,NULL,NULL,NULL,NULL,NULL,NULL,NULL,NULL,NULL,NULL,NULL
"EG116","EG116-1",NULL,NULL,NULL,NULL,NULL,NULL,NULL,NULL,NULL,NULL,NULL,NULL,NULL,NULL,NULL,NULL,NULL,NULL,NULL,NULL,NULL,NULL,NULL,NULL,NULL,NULL,NULL
"EG099","EG099-1",NULL,NULL,NULL,NULL,NULL,NULL,NULL,NULL,NULL,NULL,NULL,NULL,NULL,NULL,NULL,NULL,NULL,NULL,NULL,NULL,NULL,NULL,NULL,NULL,NULL,NULL,NULL
"EG122","EG122-1",NULL,NULL,NULL,NULL,NULL,NULL,NULL,NULL,NULL,NULL,NULL,NULL,NULL,NULL,NULL,NULL,NULL,NULL,NULL,NULL,NULL,NULL,NULL,NULL,NULL,NULL,NULL
"EG007","EG007-1",NULL,NULL,NULL,NULL,NULL,NULL,NULL,NULL,NULL,NULL,NULL,NULL,NULL,NULL,NULL,NULL,NULL,NULL,NULL,NULL,NULL,NULL,NULL,NULL,NULL,NULL,NULL
"EG095","EG095-1",NULL,NULL,NULL,NULL,NULL,NULL,NULL,NULL,NULL,NULL,NULL,NULL,NULL,NULL,NULL,NULL,NULL,NULL,NULL,NULL,NULL,NULL,NULL,NULL,NULL,NULL,NULL
"EG095","EG095-2",NULL,NULL,NULL,NULL,NULL,NULL,NULL,NULL,NULL,NULL,NULL,NULL,NULL,NULL,NULL,NULL,NULL,NULL,NULL,NULL,NULL,NULL,NULL,NULL,NULL,NULL,NULL
"EG108","EG108-1",NULL,NULL,NULL,NULL,NULL,NULL,NULL,NULL,NULL,NULL,NULL,NULL,NULL,NULL,NULL,NULL,NULL,NULL,NULL,NULL,NULL,NULL,NULL,NULL,NULL,NULL,NULL
"EG115","EG115-1",NULL,NULL,NULL,NULL,NULL,NULL,NULL,NULL,NULL,NULL,NULL,NULL,NULL,NULL,NULL,NULL,NULL,NULL,NULL,NULL,NULL,NULL,NULL,NULL,NULL,NULL,NULL
"EG114","EG114-1",NULL,NULL,NULL,NULL,NULL,NULL,NULL,NULL,NULL,NULL,NULL,NULL,NULL,NULL,NULL,NULL,NULL,NULL,NULL,NULL,NULL,NULL,NULL,NULL,NULL,NULL,NULL
"EG121","EG121-1",NULL,NULL,NULL,NULL,NULL,NULL,NULL,NULL,NULL,NULL,NULL,NULL,NULL,NULL,NULL,NULL,NULL,NULL,NULL,NULL,NULL,NULL,NULL,NULL,NULL,NULL,NULL
"EG120","EG120-1",NULL,NULL,NULL,NULL,NULL,NULL,NULL,NULL,NULL,NULL,NULL,NULL,NULL,NULL,NULL,NULL,NULL,NULL,NULL,NULL,NULL,NULL,NULL,NULL,NULL,NULL,NULL
"EG080","EG080-1",NULL,NULL,NULL,NULL,NULL,NULL,NULL,NULL,NULL,NULL,NULL,NULL,NULL,NULL,NULL,NULL,NULL,NULL,NULL,NULL,NULL,NULL,NULL,NULL,NULL,NULL,NULL
"EG086","EG086-1",NULL,NULL,NULL,NULL,NULL,NULL,NULL,NULL,NULL,NULL,NULL,NULL,NULL,NULL,NULL,NULL,NULL,NULL,NULL,NULL,NULL,NULL,NULL,NULL,NULL,NULL,NULL
"EG050","EG050-1",NULL,NULL,NULL,NULL,NULL,NULL,NULL,NULL,NULL,NULL,NULL,NULL,NULL,NULL,NULL,NULL,NULL,NULL,NULL,NULL,NULL,NULL,NULL,NULL,NULL,NULL,NULL
"EG058","EG058-1",NULL,NULL,NULL,NULL,NULL,NULL,NULL,NULL,NULL,NULL,NULL,NULL,NULL,NULL,NULL,NULL,NULL,NULL,NULL,NULL,NULL,NULL,NULL,NULL,NULL,NULL,NULL
"EG031","EG031-1",NULL,NULL,NULL,NULL,NULL,NULL,NULL,NULL,NULL,NULL,NULL,NULL,NULL,NULL,NULL,NULL,NULL,NULL,NULL,NULL,NULL,NULL,NULL,NULL,NULL,NULL,NULL
"EG097","EG097-1",NULL,NULL,NULL,NULL,NULL,NULL,NULL,NULL,NULL,NULL,NULL,NULL,NULL,NULL,NULL,NULL,NULL,NULL,NULL,NULL,NULL,NULL,NULL,NULL,NULL,NULL,NULL
"EG094","EG094-1",NULL,NULL,NULL,NULL,NULL,NULL,NULL,NULL,NULL,NULL,NULL,NULL,NULL,NULL,NULL,NULL,NULL,NULL,NULL,NULL,NULL,NULL,NULL,NULL,NULL,NULL,NULL
"EG033","EG033-1",NULL,NULL,NULL,NULL,NULL,NULL,NULL,NULL,NULL,NULL,NULL,NULL,NULL,NULL,NULL,NULL,NULL,NULL,NULL,NULL,NULL,NULL,NULL,NULL,NULL,NULL,NULL
"EG001","EG001-1",NULL,NULL,NULL,NULL,NULL,NULL,NULL,NULL,NULL,NULL,NULL,NULL,NULL,NULL,NULL,NULL,NULL,NULL,NULL,NULL,NULL,NULL,NULL,NULL,NULL,NULL,NULL
"EG085","EG085-3",NULL,NULL,NULL,NULL,NULL,NULL,NULL,NULL,NULL,NULL,NULL,NULL,NULL,NULL,NULL,NULL,NULL,NULL,NULL,NULL,NULL,NULL,NULL,NULL,NULL,NULL,NULL
"EG112","EG112-1",NULL,NULL,NULL,NULL,NULL,NULL,NULL,NULL,NULL,NULL,NULL,NULL,NULL,NULL,NULL,NULL,NULL,NULL,NULL,NULL,NULL,NULL,NULL,NULL,NULL,NULL,NULL
"EG155","EG155-1",NULL,NULL,NULL,NULL,NULL,NULL,NULL,NULL,NULL,NULL,NULL,NULL,NULL,NULL,NULL,NULL,NULL,NULL,NULL,NULL,NULL,NULL,NULL,NULL,NULL,NULL,NULL
"EG153","EG153-2",NULL,NULL,NULL,NULL,NULL,NULL,NULL,NULL,NULL,NULL,NULL,NULL,NULL,NULL,NULL,NULL,NULL,NULL,NULL,NULL,NULL,NULL,NULL,NULL,NULL,NULL,NULL
"EG153","EG153-1",NULL,NULL,NULL,NULL,NULL,NULL,NULL,NULL,NULL,NULL,NULL,NULL,NULL,NULL,NULL,NULL,NULL,NULL,NULL,NULL,NULL,NULL,NULL,NULL,NULL,NULL,NULL
"EG034","EG034-1",NULL,NULL,NULL,NULL,NULL,NULL,NULL,NULL,NULL,NULL,NULL,NULL,NULL,NULL,NULL,NULL,NULL,NULL,NULL,NULL,NULL,NULL,NULL,NULL,NULL,NULL,NULL
"EG154","EG154-1",NULL,NULL,NULL,NULL,NULL,NULL,NULL,NULL,NULL,NULL,NULL,NULL,NULL,NULL,NULL,NULL,NULL,NULL,NULL,NULL,NULL,NULL,NULL,NULL,NULL,NULL,NULL
"EG033","EG033-2",NULL,NULL,NULL,NULL,NULL,NULL,NULL,NULL,NULL,NULL,NULL,NULL,NULL,NULL,NULL,NULL,NULL,NULL,NULL,NULL,NULL,NULL,NULL,NULL,NULL,NULL,NULL
"EG087","EG087-2",NULL,NULL,NULL,NULL,NULL,NULL,NULL,NULL,NULL,NULL,NULL,NULL,NULL,NULL,NULL,NULL,NULL,NULL,NULL,NULL,NULL,NULL,NULL,NULL,NULL,NULL,NULL
"EG087","EG087-3",NULL,NULL,NULL,NULL,NULL,NULL,NULL,NULL,NULL,NULL,NULL,NULL,NULL,NULL,NULL,NULL,NULL,NULL,NULL,NULL,NULL,NULL,NULL,NULL,NULL,NULL,NULL
"EG026","EG026-3",NULL,NULL,NULL,NULL,NULL,NULL,NULL,NULL,NULL,NULL,NULL,NULL,NULL,NULL,NULL,NULL,NULL,NULL,NULL,NULL,NULL,NULL,NULL,NULL,NULL,NULL,NULL
"EG026","EG026-2",NULL,NULL,NULL,NULL,NULL,NULL,NULL,NULL,NULL,NULL,NULL,NULL,NULL,NULL,NULL,NULL,NULL,NULL,NULL,NULL,NULL,NULL,NULL,NULL,NULL,NULL,NULL
"EG159","EG159-1",NULL,NULL,NULL,NULL,NULL,NULL,NULL,NULL,NULL,NULL,NULL,NULL,NULL,NULL,NULL,NULL,NULL,NULL,NULL,NULL,NULL,NULL,NULL,NULL,NULL,NULL,NULL
"EG039","EG039-3",NULL,NULL,NULL,NULL,NULL,NULL,NULL,NULL,NULL,NULL,NULL,NULL,NULL,NULL,NULL,NULL,NULL,NULL,NULL,NULL,NULL,NULL,NULL,NULL,NULL,NULL,NULL
"EG039","EG039-2",NULL,NULL,NULL,NULL,NULL,NULL,NULL,NULL,NULL,NULL,NULL,NULL,NULL,NULL,NULL,NULL,NULL,NULL,NULL,NULL,NULL,NULL,NULL,NULL,NULL,NULL,NULL
"EG040","EG040-1",NULL,NULL,NULL,NULL,NULL,NULL,NULL,NULL,NULL,NULL,NULL,NULL,NULL,NULL,NULL,NULL,NULL,NULL,NULL,NULL,NULL,NULL,NULL,NULL,NULL,NULL,NULL
"EG088","EG088-1",NULL,NULL,NULL,NULL,NULL,NULL,NULL,NULL,NULL,NULL,NULL,NULL,NULL,NULL,NULL,NULL,NULL,NULL,NULL,NULL,NULL,NULL,NULL,NULL,NULL,NULL,NULL
"EG089","EG089-1",NULL,NULL,NULL,NULL,NULL,NULL,NULL,NULL,NULL,NULL,NULL,NULL,NULL,NULL,NULL,NULL,NULL,NULL,NULL,NULL,NULL,NULL,NULL,NULL,NULL,NULL,NULL
"EG090","EG090-1",NULL,NULL,NULL,NULL,NULL,NULL,NULL,NULL,NULL,NULL,NULL,NULL,NULL,NULL,NULL,NULL,NULL,NULL,NULL,NULL,NULL,NULL,NULL,NULL,NULL,NULL,NULL
"EG091","EG091-1",NULL,NULL,NULL,NULL,NULL,NULL,NULL,NULL,NULL,NULL,NULL,NULL,NULL,NULL,NULL,NULL,NULL,NULL,NULL,NULL,NULL,NULL,NULL,NULL,NULL,NULL,NULL
"EG048","EG048-1",NULL,NULL,NULL,NULL,NULL,NULL,NULL,NULL,NULL,NULL,NULL,NULL,NULL,NULL,NULL,NULL,NULL,NULL,NULL,NULL,NULL,NULL,NULL,NULL,NULL,NULL,NULL
"EG041","EG041-1",NULL,NULL,NULL,NULL,NULL,NULL,NULL,NULL,NULL,NULL,NULL,NULL,NULL,NULL,NULL,NULL,NULL,NULL,NULL,NULL,NULL,NULL,NULL,NULL,NULL,NULL,NULL
"EG049","EG049-1",NULL,NULL,NULL,NULL,NULL,NULL,NULL,NULL,NULL,NULL,NULL,NULL,NULL,NULL,NULL,NULL,NULL,NULL,NULL,NULL,NULL,NULL,NULL,NULL,NULL,NULL,NULL
"EG009","EG009-1",NULL,NULL,NULL,NULL,NULL,NULL,NULL,NULL,NULL,NULL,NULL,NULL,NULL,NULL,NULL,NULL,NULL,NULL,NULL,NULL,NULL,NULL,NULL,NULL,NULL,NULL,NULL
"EG087","EG087-1",NULL,NULL,NULL,NULL,NULL,NULL,NULL,NULL,NULL,NULL,NULL,NULL,NULL,NULL,NULL,NULL,NULL,NULL,NULL,NULL,NULL,NULL,NULL,NULL,NULL,NULL,NULL
"EG123","EG123-1",NULL,NULL,NULL,NULL,NULL,NULL,NULL,NULL,NULL,NULL,NULL,NULL,NULL,NULL,NULL,NULL,NULL,NULL,NULL,NULL,NULL,NULL,NULL,NULL,NULL,NULL,NULL
"EG149","EG149-1",NULL,NULL,NULL,NULL,NULL,NULL,NULL,NULL,NULL,NULL,NULL,NULL,NULL,NULL,NULL,NULL,NULL,NULL,NULL,NULL,NULL,NULL,NULL,NULL,NULL,NULL,NULL
"EG086","EG086-2",NULL,NULL,NULL,NULL,NULL,NULL,NULL,NULL,NULL,NULL,NULL,NULL,NULL,NULL,NULL,NULL,NULL,NULL,NULL,NULL,NULL,NULL,NULL,NULL,NULL,NULL,NULL
"EG098","EG098-1",NULL,NULL,NULL,NULL,NULL,NULL,NULL,NULL,NULL,NULL,NULL,NULL,NULL,NULL,NULL,NULL,NULL,NULL,NULL,NULL,NULL,NULL,NULL,NULL,NULL,NULL,NULL
"EG085","EG085-2",NULL,NULL,NULL,NULL,NULL,NULL,NULL,NULL,NULL,NULL,NULL,NULL,NULL,NULL,NULL,NULL,NULL,NULL,NULL,NULL,NULL,NULL,NULL,NULL,NULL,NULL,NULL
"EG009","EG009-2",NULL,NULL,NULL,NULL,NULL,NULL,NULL,NULL,NULL,NULL,NULL,NULL,NULL,NULL,NULL,NULL,NULL,NULL,NULL,NULL,NULL,NULL,NULL,NULL,NULL,NULL,NULL
"EG035","EG035-1",NULL,NULL,NULL,NULL,NULL,NULL,NULL,NULL,NULL,NULL,NULL,NULL,NULL,NULL,NULL,NULL,NULL,NULL,NULL,NULL,NULL,NULL,NULL,NULL,NULL,NULL,NULL
"EG125","EG125-1",NULL,NULL,NULL,NULL,NULL,NULL,NULL,NULL,NULL,NULL,NULL,NULL,NULL,NULL,NULL,NULL,NULL,NULL,NULL,NULL,NULL,NULL,NULL,NULL,NULL,NULL,NULL
"EG124","EG124-1",NULL,NULL,NULL,NULL,NULL,NULL,NULL,NULL,NULL,NULL,NULL,NULL,NULL,NULL,NULL,NULL,NULL,NULL,NULL,NULL,NULL,NULL,NULL,NULL,NULL,NULL,NULL
"EG152","EG152-1",NULL,NULL,NULL,NULL,NULL,NULL,NULL,NULL,NULL,NULL,NULL,NULL,NULL,NULL,NULL,NULL,NULL,NULL,NULL,NULL,NULL,NULL,NULL,NULL,NULL,NULL,NULL
"LY003","LY003-3","?","yes","n/a","yes","yes","n/a","n/a","no","yes","no","yes","no","yes","yes","yes","yes","yes","no","no","no","yes","yes","yes","yes","yes","<","no"
"LY003","LY003-4","?","yes","n/a","yes","yes","n/a","n/a","no","yes","no","yes","no","yes","yes","yes","yes","yes","no","no","no","yes","yes","yes","yes","yes","yes","no"
"LY003","LY003-2","no","yes","n/a","no","yes","no","yes","no","n/a","no","yes","no","yes","yes","yes","yes","yes","no","no","no","yes","no","yes","yes","no","no","no"
"LY003","LY003-1","no","yes","n/a","no","yes","no","yes","no","n/a","no","yes","no","yes","yes","yes","yes","yes","no","no","no","yes","no","yes","yes","no","no","no"
"LY003","LY003-5","?","n/a","n/a","n/a","n/a","n/a","n/a","n/a","n/a","n/a","n/a","n/a","n/a","n/a","yes","n/a","n/a","no","n/a","n/a","yes","yes","n/a","n/a","n/a","n/a","n/a"
"LY009","LY009-3","n/a","n/a","n/a","n/a","n/a","n/a","n/a","no","n/a","n/a","yes","n/a","n/a","n/a","yes","n/a","n/a","n/a","n/a","n/a","yes","yes","yes","yes","yes","no","no"
"LY013","LY013-1","n/a","n/a","n/a","n/a","n/a","n/a","n/a","no","n/a","n/a","no","n/a","n/a","n/a","no","n/a","n/a","n/a","n/a","n/a","n/a","no","yes","yes","no","no","no"
"LY010","LY010-4","n/a","n/a","n/a","n/a","n/a","n/a","n/a","no","n/a","n/a","no","n/a","n/a","n/a","yes","n/a","n/a","n/a","n/a","n/a","yes","no","yes","yes","yes","yes","no"
"LY011","LY011-1","n/a","n/a","n/a","n/a","n/a","n/a","n/a","no","n/a","n/a","no","n/a","n/a","n/a","yes","n/a","n/a","n/a","n/a","n/a","yes","no","yes","yes","yes","yes","no"
"LY010","LY010-3","n/a","n/a","n/a","n/a","n/a","n/a","n/a","no","n/a","n/a","no","n/a","n/a","n/a","yes","n/a","n/a","n/a","n/a","n/a","yes","no","yes","yes","yes","yes","no"
"LY009","LY009-2","n/a","n/a","n/a","n/a","n/a","n/a","n/a","no","n/a","n/a","yes","n/a","n/a","n/a","yes","n/a","n/a","n/a","n/a","n/a","yes","yes","yes","yes","yes","no","no"
"LY008","LY008-3","n/a","n/a","n/a","n/a","n/a","n/a","n/a","no","n/a","n/a","yes","n/a","n/a","n/a","yes","n/a","n/a","n/a","n/a","n/a","yes","no","yes","yes","no","no","no"
"LY007","LY007-2","n/a","n/a","n/a","n/a","n/a","n/a","n/a","no","n/a","n/a","no","n/a","n/a","n/a","no","n/a","n/a","n/a","n/a","n/a","yes","no","no","yes","no","no","no"
"LY009","LY009-1","n/a","n/a","n/a","n/a","n/a","n/a","n/a","no","n/a","n/a","yes","n/a","n/a","n/a","yes","n/a","n/a","n/a","n/a","n/a","yes","yes","yes","yes","yes","no","no"
"LY010","LY010-2","n/a","n/a","n/a","n/a","n/a","n/a","n/a","no","n/a","n/a","no","n/a","n/a","n/a","yes","n/a","n/a","n/a","n/a","n/a","yes","no","yes","yes","yes","yes","no"
"LY005","LY005-1","n/a","n/a","n/a","n/a","n/a","n/a","n/a","no","n/a","n/a","no","n/a","n/a","n/a","no","n/a","n/a","n/a","n/a","n/a","n/a","no","yes","yes","no","no","no"
"LY006","LY006-1","n/a","n/a","n/a","n/a","n/a","n/a","n/a","no","n/a","n/a","no","n/a","n/a","n/a","yes","n/a","n/a","n/a","n/a","n/a","yes","yes","yes","yes","no","no","no"
"LY010","LY010-1","n/a","n/a","n/a","n/a","n/a","n/a","n/a","no","n/a","n/a","no","n/a","n/a","n/a","yes","n/a","n/a","n/a","n/a","n/a","yes","no","yes","yes","yes","yes","no"
"LY008","LY008-2","n/a","n/a","n/a","n/a","n/a","n/a","n/a","no","n/a","n/a","yes","n/a","n/a","n/a","yes","n/a","n/a","n/a","n/a","n/a","yes","no","yes","yes","no","no","no"
"LY007","LY007-1","n/a","n/a","n/a","n/a","n/a","n/a","n/a","no","n/a","n/a","no","n/a","n/a","n/a","no","n/a","n/a","n/a","n/a","n/a","yes","no","yes","yes","no","no","no"
"LY008","LY008-1","n/a","n/a","n/a","n/a","n/a","n/a","n/a","no","n/a","n/a","yes","n/a","n/a","n/a","yes","n/a","n/a","n/a","n/a","n/a","yes","no","yes","yes","yes","no","no"
"LY012","LY012-1","n/a","n/a","n/a","n/a","n/a","n/a","n/a","no","n/a","n/a","yes","n/a","n/a","n/a","yes","n/a","n/a","n/a","n/a","n/a","yes","no","yes","yes","yes","no","no"
"LY004","LY004-1","n/a","n/a","n/a","n/a","n/a","n/a","n/a","no","n/a","n/a","no","n/a","n/a","n/a","no","n/a","n/a","n/a","n/a","n/a","n/a","no","yes","yes","no","no","no"
"LY001","LY001-2","no","no","no","yes","no","no","no","no","no","no","no","no","yes","no","yes","yes","no","no","no","no","yes","yes","yes","yes","no","no","no"
"LY001","LY001-1","no","no","no","yes","no","no","no","no","no","no","yes","no","yes","no","yes","yes","yes","no","no","no","yes","yes","yes","yes","yes","no","no"
"LY002","LY002-1","no","no","no","no","no","no","no","no","no","no","no","no","no","no","no","no","no","no","no","no","no","no","no","no","no","no","no"
"MA003","MA003-1","n/a","n/a","n/a","n/a","n/a","n/a","n/a","n/a","n/a","n/a","n/a","n/a","n/a","n/a","n/a","n/a","n/a","n/a","n/a","n/a","n/a","yes","n/a","n/a","n/a","n/a","n/a"
"MA038","MA038-4","n/a","n/a","n/a","n/a","n/a","n/a","n/a","n/a","n/a","n/a","n/a","n/a","n/a","n/a","n/a","n/a","n/a","yes","yes","no","yes","yes","n/a","n/a","n/a","n/a","n/a"
"MA038","MA038-3","n/a","n/a","n/a","yes","n/a","n/a","n/a","n/a","n/a","no","n/a","n/a","n/a","n/a","n/a","n/a","n/a","yes","yes","no","yes","yes","yes","yes","no","no","no"
"MA038","MA038-2","no","n/a","n/a","no","n/a","n/a","n/a","n/a","n/a","no","n/a","n/a","n/a","n/a","n/a","yes","yes","yes","yes","no","yes","yes","yes","yes","no","no","no"
"MA038","MA038-1","no","n/a","n/a","no","yes","n/a","n/a","n/a","n/a","no","n/a","n/a","yes","yes","n/a","yes","yes","no","no","no","yes","no","yes","yes","no","no","no"
"MA081","MA081-4","n/a","n/a","n/a","n/a","n/a","n/a","n/a","n/a","n/a","n/a","n/a","n/a","n/a","n/a","yes","n/a","n/a","n/a","n/a","n/a","n/a","n/a","yes","yes","n/a","n/a","n/a"
"MA081","MA081-3","n/a","n/a","n/a","n/a","n/a","n/a","n/a","n/a","n/a","n/a","n/a","n/a","n/a","n/a","yes","n/a","n/a","n/a","n/a","n/a","n/a","n/a","yes","yes","n/a","n/a","n/a"
"MA081","MA081-2","n/a","n/a","n/a","n/a","n/a","n/a","n/a","n/a","n/a","n/a","n/a","n/a","n/a","n/a","yes","n/a","n/a","n/a","n/a","n/a","n/a","n/a","yes","yes","n/a","n/a","n/a"
"MA081","MA081-1","n/a","n/a","n/a","n/a","n/a","n/a","n/a","n/a","n/a","n/a","n/a","n/a","n/a","n/a","yes","n/a","n/a","n/a","n/a","n/a","n/a","n/a","yes","yes","n/a","n/a","n/a"
"MA034","MA034-2","n/a","n/a","n/a","n/a","n/a","n/a","n/a","n/a","n/a","n/a","n/a","n/a","n/a","n/a","yes","n/a","n/a","n/a","n/a","n/a","n/a","n/a","yes","yes","n/a","n/a","n/a"
"MA034","MA034-3","n/a","n/a","n/a","n/a","n/a","n/a","n/a","n/a","n/a","n/a","n/a","n/a","n/a","n/a","yes","n/a","n/a","n/a","n/a","n/a","n/a","n/a","yes","yes","n/a","n/a","n/a"
"MA034","MA034-1","n/a","n/a","n/a","n/a","n/a","n/a","n/a","n/a","n/a","n/a","n/a","n/a","n/a","n/a","yes","n/a","n/a","n/a","n/a","n/a","n/a","n/a","yes","yes","n/a","n/a","n/a"
"MA053","MA053-2","yes","yes","yes","yes","yes","no","no","no","yes","yes","n/a","no","yes","yes","n/a","n/a","n/a","n/a","n/a","n/a","n/a","yes","n/a","n/a","n/a","n/a","n/a"
"MA053","MA053-1","yes","yes","no","yes","yes","no","no","no","yes","yes","n/a","no","yes","n/a","n/a","n/a","n/a","n/a","n/a","n/a","n/a","yes","n/a","n/a","n/a","n/a","n/a"
"MA037","MA037-3","n/a","n/a","n/a","n/a","n/a","n/a","n/a","n/a","n/a","n/a","n/a","n/a","n/a","n/a","n/a","n/a","n/a","n/a","n/a","n/a","n/a","yes","n/a","n/a","n/a","n/a","n/a"
"MA037","MA037-2","n/a","n/a","n/a","n/a","n/a","n/a","n/a","n/a","n/a","n/a","n/a","n/a","n/a","n/a","n/a","n/a","n/a","n/a","n/a","n/a","n/a","yes","n/a","n/a","n/a","n/a","n/a"
"MA037","MA037-1","n/a","n/a","n/a","n/a","n/a","n/a","n/a","n/a","n/a","n/a","n/a","n/a","n/a","n/a","n/a","n/a","n/a","n/a","n/a","n/a","n/a","yes","n/a","n/a","n/a","n/a","n/a"
"MA015","MA015-2","n/a","n/a","n/a","n/a","n/a","n/a","n/a","n/a","n/a","n/a","n/a","n/a","n/a","n/a","n/a","n/a","n/a","yes","yes","no","yes","yes","n/a","n/a","n/a","n/a","n/a"
"MA015","MA015-1","n/a","n/a","n/a","n/a","n/a","n/a","n/a","n/a","n/a","n/a","n/a","n/a","n/a","n/a","n/a","n/a","n/a","yes","yes","no","yes","yes","n/a","n/a","n/a","n/a","n/a"
"MA016","MA016-1","n/a","n/a","n/a","n/a","n/a","n/a","n/a","n/a","n/a","n/a","n/a","n/a","n/a","n/a","n/a","n/a","n/a","yes","yes","no","no","yes","yes","yes","no","no","yes"
"MA016","MA016-2","n/a","n/a","n/a","n/a","n/a","n/a","n/a","n/a","n/a","n/a","n/a","n/a","n/a","n/a","n/a","n/a","n/a","yes","yes","no","yes","yes","yes","yes","no","no","yes"
"MA016","MA016-3","n/a","n/a","n/a","n/a","n/a","n/a","n/a","n/a","n/a","n/a","n/a","n/a","n/a","n/a","n/a","n/a","n/a","yes","yes","no","yes","yes","n/a","n/a","n/a","n/a","n/a"
"MA029","MA29-2","n/a","n/a","n/a","n/a","n/a","n/a","n/a","n/a","n/a","n/a","yes","n/a","n/a","n/a","yes","n/a","n/a","n/a","n/a","n/a","n/a","yes","yes","yes","n/a","n/a","n/a"
"MA029","MA029-1","n/a","n/a","n/a","n/a","n/a","n/a","n/a","n/a","n/a","n/a","yes","n/a","n/a","n/a","yes","n/a","n/a","n/a","n/a","n/a","n/a","no","yes","yes","n/a","n/a","n/a"
"MA029","MA29-3","n/a","n/a","n/a","n/a","n/a","n/a","n/a","n/a","n/a","n/a","yes","n/a","n/a","n/a","yes","n/a","n/a","n/a","n/a","n/a","n/a","yes","yes","yes","n/a","n/a","n/a"
"MA030","MA030-2","n/a","n/a","n/a","n/a","n/a","n/a","n/a","n/a","n/a","n/a","yes","n/a","n/a","n/a","yes","n/a","n/a","n/a","n/a","n/a","yes","n/a","yes","yes","n/a","n/a","n/a"
"MA030","MA030-3","n/a","n/a","n/a","n/a","n/a","n/a","n/a","n/a","n/a","n/a","yes","n/a","n/a","n/a","yes","n/a","n/a","n/a","n/a","n/a","yes","n/a","yes","yes","n/a","n/a","n/a"
"MA030","MA030-1","n/a","n/a","n/a","n/a","n/a","n/a","n/a","n/a","n/a","n/a","yes","n/a","n/a","n/a","yes","n/a","n/a","n/a","n/a","n/a","yes","n/a","yes","yes","n/a","n/a","n/a"
"MA035","MA035-1","no","yes","no","no","yes","no","no","no","yes","no","yes","no","yes","yes","yes","no","no","n/a","n/a","n/a","n/a","n/a","yes","yes","no","no","no"
"MA039","MA039-2","n/a","n/a","n/a","n/a","n/a","n/a","n/a","n/a","n/a","n/a","n/a","n/a","n/a","n/a","<","yes","n/a","n/a","n/a","n/a","n/a","yes","yes","n/a","no","no","no"
"MA039","MA039-1","n/a","n/a","n/a","n/a","n/a","n/a","n/a","n/a","n/a","n/a","n/a","n/a","n/a","n/a","no","no","n/a","n/a","n/a","n/a","n/a","no","yes","n/a","no","no","no"
"MA039","MA039-4","n/a","n/a","n/a","n/a","n/a","n/a","n/a","n/a","n/a","n/a","n/a","n/a","n/a","n/a","yes","yes","n/a","n/a","n/a","n/a","n/a","yes","n/a","n/a","no","no","no"
"MA039","MA039-3","n/a","n/a","n/a","n/a","n/a","n/a","n/a","n/a","n/a","n/a","n/a","n/a","n/a","n/a","<","yes","n/a","n/a","n/a","n/a","n/a","yes","yes","n/a","no","no","no"
"MA039","MA039-6","no","yes","no","yes","yes","no","no","no","no","no","no","no","yes","yes","no","yes","yes","no","no","no","yes","yes","no","yes","no","no","no"
"MA039","MA039-5","no","yes","no","yes","no","no","no","no","no","no","no","no","yes","yes","yes","yes","no","no","no","yes","yes","yes","<","yes","no","no","no"
"MA033","MA033-3","yes","yes","no","yes","yes","no","no","no","no","yes","n/a","n/a","yes","n/a","yes","n/a","n/a","n/a","n/a","n/a","n/a","yes","n/a","n/a","n/a","n/a","n/a"
"MA033","MA033-4","yes","yes","no","yes","yes","no","no","no","no","yes","n/a","n/a","yes","n/a","yes","n/a","n/a","n/a","n/a","n/a","yes","yes","n/a","n/a","n/a","n/a","n/a"
"MA033","MA033-2","yes","yes","no","yes","yes","no","no","no","no","yes","n/a","n/a","yes","n/a","yes","n/a","n/a","n/a","n/a","n/a","yes","yes","n/a","n/a","n/a","n/a","n/a"
"MA033","MA033-1","n/a","n/a","n/a","n/a","n/a","n/a","n/a","n/a","n/a","n/a","n/a","n/a","n/a","n/a","n/a","yes","n/a","n/a","n/a","n/a","n/a","n/a","n/a","n/a","n/a","n/a","n/a"
"MA087","MA087-1","n/a","n/a","n/a","n/a","n/a","n/a","n/a","n/a","n/a","n/a","n/a","n/a","n/a","n/a","n/a","n/a","n/a","n/a","n/a","n/a","n/a","yes","n/a","n/a","n/a","n/a","n/a"
"MA056","MA056-1","n/a","n/a","n/a","n/a","n/a","n/a","n/a","n/a","n/a","n/a","n/a","n/a","n/a","n/a","n/a","yes","n/a","n/a","n/a","n/a","n/a","yes","n/a","n/a","n/a","n/a","n/a"
"MA056","MA056-2","n/a","n/a","n/a","n/a","n/a","n/a","n/a","n/a","n/a","n/a","n/a","n/a","n/a","n/a","n/a","yes","n/a","n/a","n/a","n/a","n/a","yes","n/a","n/a","n/a","n/a","n/a"
"MA070","MA070-2","n/a","n/a","n/a","n/a","n/a","n/a","n/a","n/a","n/a","n/a","n/a","n/a","n/a","n/a","n/a","yes","n/a","n/a","n/a","n/a","n/a","yes","n/a","n/a","n/a","n/a","n/a"
"MA070","MA070-1","n/a","n/a","n/a","n/a","n/a","n/a","n/a","n/a","n/a","n/a","n/a","n/a","n/a","n/a","n/a","yes","n/a","n/a","n/a","n/a","n/a","yes","n/a","n/a","n/a","n/a","n/a"
"MA059","MA059-1","n/a","n/a","n/a","n/a","n/a","n/a","n/a","n/a","n/a","n/a","n/a","n/a","n/a","n/a","n/a","n/a","n/a","n/a","n/a","n/a","n/a","yes","n/a","n/a","n/a","n/a","n/a"
"MA012","MA012-1","n/a","n/a","n/a","n/a","n/a","n/a","n/a","n/a","n/a","n/a","n/a","n/a","n/a","n/a","n/a","n/a","n/a","n/a","n/a","n/a","n/a","yes","n/a","n/a","n/a","n/a","n/a"
"MA013","MA013-1","n/a","n/a","yes","no","no","n/a","n/a","n/a","yes","no","yes","no","yes","yes","no","yes","no","n/a","n/a","n/a","n/a","yes","yes","yes","no","no","no"
"MA076","MA076-2","no","no","yes","yes","no","no","yes","no","yes","no","yes","no","yes","yes","yes","no","no","n/a","n/a","n/a","yes","yes","n/a","yes","n/a","n/a","n/a"
"MA076","MA076-1","no","no","yes","yes","no","no","yes","no","yes","no","yes","no","yes","yes","yes","no","no","n/a","n/a","n/a","yes","yes","yes","yes","no","no","no"
"MA075","MA075-1","no","no","no","no","no","no","yes","no","yes","no","yes","no","yes","yes","no","no","no","n/a","n/a","n/a","yes","yes","n/a","n/a","n/a","n/a","n/a"
"MA014","MA014-1","no","no","no","no","no","no","yes","no","yes","no","yes","no","yes","yes","no","no","no","n/a","n/a","n/a","n/a","yes","n/a","n/a","n/a","n/a","n/a"
"MA058","MA058-1","n/a","n/a","n/a","n/a","n/a","n/a","n/a","n/a","n/a","n/a","yes","n/a","n/a","n/a","n/a","n/a","n/a","n/a","n/a","n/a","yes","n/a","n/a","n/a","n/a","n/a","n/a"
"MA002","MA002-1","no","no","no","no","no","no","yes","no","yes","no","yes","no","yes","yes","no","no","no","n/a","n/a","n/a","yes","n/a","n/a","n/a","n/a","n/a","n/a"
"MA051","MA051-1","no","no","no","no","no","no","yes","no","yes","no","yes","no","yes","yes","no","no","no","n/a","n/a","n/a","yes","yes","n/a","n/a","n/a","n/a","n/a"
"MA024","MA024-1","yes","yes","no","yes","no","no","yes","no","no","no","no","no","yes","yes","no","no","no","no","no","no","yes","n/a","n/a","n/a","n/a","n/a","n/a"
"MA078","MA078-1","no","yes","no","no","yes","no","no","no","yes","no","yes","no","yes","yes","no","no","no","no","no","no","yes","n/a","n/a","n/a","n/a","n/a","n/a"
"MA077","MA077-1","n/a","n/a","n/a","n/a","n/a","n/a","n/a","n/a","n/a","n/a","yes","n/a","n/a","n/a","n/a","n/a","n/a","n/a","n/a","n/a","n/a","n/a","n/a","n/a","n/a","n/a","n/a"
"MA026","MA026-1","no","yes","yes","yes","yes","no","yes","no","yes","yes","n/a","n/a","yes","yes","n/a","n/a","no","n/a","n/a","n/a","n/a","yes","n/a","n/a","n/a","n/a","n/a"
"MA063","MA063-1","n/a","n/a","n/a","n/a","n/a","n/a","n/a","n/a","n/a","n/a","n/a","n/a","n/a","n/a","n/a","n/a","n/a","n/a","n/a","n/a","n/a","n/a","n/a","n/a","n/a","n/a","n/a"
"MA063","MA063-2","no","no","no","no","no","no","no","no","no","no","no","no","no","no","n/a","no","no","no","no","no","yes","yes","yes","yes","no","no","no"
"MA063","MA063-3","no","no","no","no","no","no","no","no","no","no","no","no","no","no","n/a","no","no","no","no","no","yes","yes","yes","yes","no","no","no"
"MA064","MA064-1","no","no","no","no","no","no","no","no","no","no","no","no","no","no","yes","no","no","no","no","no","yes","yes","yes","yes","no","no","no"
"MA061","MA061-1","no","no","no","no","no","no","no","no","no","no","no","no","no","no","no","no","no","no","no","no","no","no","no","yes","no","no","no"
"MA062","MA062-1","no","no","no","no","no","no","no","no","no","no","no","no","no","no","no","no","no","no","no","no","no","yes","n/a","n/a","no","no","no"
"MA098","MA098-1","n/a","n/a","n/a","n/a","n/a","n/a","n/a","n/a","n/a","n/a","n/a","n/a","n/a","n/a","n/a","n/a","n/a","n/a","n/a","n/a","n/a","n/a","n/a","n/a","n/a","n/a","n/a"
"MA082","MA082-1","n/a","n/a","n/a","n/a","n/a","n/a","n/a","n/a","n/a","n/a","n/a","n/a","n/a","n/a","n/a","n/a","n/a","n/a","n/a","n/a","n/a","n/a","n/a","n/a","n/a","n/a","n/a"
"MA083","MA083-2","no","no","no","no","no","no","no","no","no","no","no","no","no","no","no","no","no","no","no","no","yes","no","n/a","n/a","n/a","no","no"
"MA083","MA083-1","no","no","no","no","no","no","no","no","no","no","no","no","no","no","no","no","no","no","no","no","yes","no","n/a","n/a","n/a","no","no"
"MA084","MA084-1","no","no","no","no","no","no","no","no","no","no","no","no","no","no","no","no","no","no","no","no","yes","no","no","no","no","no","no"
"MA085","MA085-1","n/a","n/a","n/a","n/a","n/a","n/a","n/a","n/a","n/a","n/a","n/a","n/a","n/a","n/a","n/a","n/a","n/a","n/a","n/a","n/a","yes","n/a","n/a","n/a","n/a","n/a","n/a"
"MA028","MA028-1","n/a","n/a","n/a","n/a","n/a","n/a","n/a","n/a","n/a","n/a","n/a","n/a","n/a","n/a","n/a","n/a","n/a","n/a","n/a","n/a","n/a","n/a","yes","yes","n/a","n/a","n/a"
"MA060","MA060-1","n/a","n/a","n/a","n/a","n/a","n/a","n/a","n/a","n/a","n/a","n/a","n/a","n/a","n/a","n/a","n/a","n/a","n/a","n/a","n/a","n/a","n/a","n/a","n/a","n/a","n/a","n/a"
"MA001","MA001-1","n/a","n/a","n/a","n/a","n/a","n/a","n/a","n/a","n/a","n/a","n/a","n/a","n/a","n/a","yes","n/a","n/a","n/a","n/a","n/a","n/a","n/a","n/a","n/a","n/a","n/a","n/a"
"MA079","MA079-5","n/a","n/a","n/a","n/a","n/a","n/a","n/a","n/a","n/a","n/a","yes","n/a","yes","n/a","yes","yes","n/a","n/a","n/a","n/a","n/a","yes","n/a","n/a","n/a","n/a","yes"
"MA079","MA079-1","n/a","n/a","n/a","n/a","n/a","n/a","n/a","n/a","n/a","n/a","yes","n/a","yes","n/a","yes","yes","n/a","n/a","n/a","n/a","n/a","yes","n/a","n/a","n/a","n/a","yes"
"MA079","MA079-4","n/a","n/a","n/a","n/a","n/a","n/a","n/a","n/a","n/a","n/a","yes","n/a","yes","n/a","yes","yes","n/a","n/a","n/a","n/a","n/a","yes","n/a","n/a","n/a","n/a","yes"
"MA079","MA079-3","n/a","n/a","n/a","n/a","n/a","n/a","n/a","n/a","n/a","n/a","yes","n/a","yes","n/a","yes","yes","n/a","n/a","n/a","n/a","n/a","yes","n/a","n/a","n/a","n/a","yes"
"MA079","MA079-2","n/a","n/a","n/a","n/a","n/a","n/a","n/a","n/a","n/a","n/a","n/a","n/a","n/a","n/a","n/a","n/a","n/a","n/a","n/a","n/a","no","yes","n/a","n/a","n/a","n/a","yes"
"MA065","MA065-1","n/a","n/a","n/a","n/a","n/a","n/a","n/a","n/a","n/a","n/a","yes","n/a","n/a","n/a","n/a","n/a","n/a","n/a","n/a","n/a","n/a","yes","n/a","n/a","n/a","n/a","n/a"
"MA067","MA067-1","n/a","n/a","n/a","n/a","n/a","n/a","n/a","n/a","n/a","n/a","n/a","yes","n/a","n/a","n/a","n/a","n/a","n/a","n/a","n/a","n/a","n/a","n/a","n/a","n/a","n/a","n/a"
"MA054","MA054-3","yes","yes","no","yes","yes","no","no","no","yes","yes","no","no","yes","yes","no","no","no","yes","no","no","yes","yes","yes","yes","no","no","no"
"MA054","MA054-1","no","no","no","no","yes","no","no","no","yes","no","no","no","yes","yes","no","no","no","no","no","no","yes","no","n/a","n/a","no","no","no"
"MA054","MA054-4","yes","yes","no","yes","yes","no","no","no","no","yes","no","no","yes","no","no","no","no","yes","no","no","yes","yes","n/a","n/a","no","no","no"
"MA054","MA054-2","no","yes","no","no","yes","no","no","no","no","no","no","no","yes","yes","no","no","no","no","no","no","yes","yes","yes","yes","no","no","no"
"MA023","MA023-1","n/a","n/a","n/a","n/a","n/a","n/a","n/a","n/a","n/a","n/a","yes","n/a","n/a","n/a","n/a","n/a","n/a","n/a","n/a","n/a","n/a","n/a","n/a","n/a","n/a","n/a","n/a"
"MA022","MA022-2","no","no","no","no","yes","no","no","no","no","no","no","no","no","yes","n/a","n/a","n/a","n/a","n/a","n/a","yes","no","yes","yes","n/a","n/a","n/a"
"MA022","MA022-1","no","no","no","no","yes","no","no","no","no","no","no","no","no","yes","n/a","n/a","n/a","n/a","n/a","n/a","yes","no","yes","yes","n/a","n/a","n/a"
"MA073","MA073-2","n/a","n/a","n/a","n/a","n/a","n/a","n/a","n/a","n/a","n/a","n/a","n/a","n/a","n/a","n/a","yes","n/a","n/a","n/a","n/a","n/a","yes","n/a","n/a","n/a","n/a","n/a"
"MA073","MA073-1","n/a","n/a","n/a","n/a","n/a","n/a","n/a","n/a","n/a","n/a","n/a","n/a","n/a","n/a","n/a","yes","n/a","n/a","n/a","n/a","n/a","yes","n/a","n/a","n/a","n/a","n/a"
"MA017","MA017-1","n/a","n/a","n/a","n/a","n/a","n/a","n/a","n/a","n/a","n/a","n/a","n/a","n/a","n/a","n/a","n/a","n/a","n/a","n/a","n/a","n/a","yes","yes","n/a","n/a","?","n/a"
"MA017","MA017-2","n/a","n/a","n/a","n/a","n/a","n/a","n/a","n/a","n/a","n/a","n/a","n/a","n/a","n/a","n/a","n/a","n/a","n/a","n/a","n/a","n/a","yes","yes","n/a","n/a","?","n/a"
"MA036","MA036-5","n/a","yes","n/a","yes","yes","n/a","n/a","n/a","n/a","n/a","?","?","yes","yes","yes","n/a","yes","n/a","n/a","n/a","yes","yes","yes","yes","no","no","no"
"MA036","MA036-4","n/a","yes","n/a","yes","yes","n/a","n/a","n/a","n/a","n/a","?","?","yes","yes","yes","n/a","yes","n/a","n/a","n/a","yes","yes","yes","yes","no","no","no"
"MA036","MA036-3","n/a","yes","n/a","yes","yes","n/a","n/a","n/a","n/a","n/a","?","?","yes","yes","yes","n/a","yes","n/a","n/a","n/a","yes","yes","yes","yes","no","no","no"
"MA036","MA036-2","n/a","n/a","n/a","n/a","n/a","n/a","n/a","n/a","n/a","n/a","n/a","n/a","n/a","n/a","yes","n/a","n/a","no","no","no","yes","no","yes","yes","no","no","no"
"MA036","MA036-1","n/a","n/a","n/a","n/a","n/a","n/a","n/a","n/a","n/a","n/a","n/a","n/a","n/a","n/a","yes","n/a","n/a","no","no","no","yes","no","yes","yes","no","no","no"
"MA080","MA080-1","no","yes","no","no","yes","no","yes","no","no","no","?","?","yes","yes","yes","n/a","n/a","no","no","no","yes","no","yes","yes","n/a","no","no"
"MA052","MA052-1","yes","yes","yes","yes","yes","no","no","no","no","yes","no","no","yes","yes","no","no","no","no","no","no","no","yes","n/a","n/a","n/a","n/a","n/a"
"MA040","MA040-1","n/a","n/a","n/a","n/a","n/a","n/a","n/a","n/a","n/a","n/a","n/a","n/a","n/a","n/a","n/a","n/a","n/a","n/a","n/a","n/a","n/a","yes","n/a","n/a","n/a","n/a","n/a"
"MA007","MA007-1","n/a","n/a","n/a","n/a","n/a","n/a","n/a","n/a","n/a","n/a","yes","n/a","n/a","n/a","n/a","n/a","n/a","n/a","n/a","n/a","n/a","n/a","n/a","n/a","n/a","n/a","n/a"
"MA006","MA006-1","n/a","n/a","n/a","n/a","n/a","n/a","n/a","n/a","n/a","n/a","yes","n/a","n/a","n/a","n/a","n/a","n/a","n/a","n/a","n/a","n/a","n/a","n/a","n/a","n/a","n/a","n/a"
"MA008","MA008-1","n/a","n/a","n/a","n/a","n/a","n/a","n/a","n/a","n/a","n/a","yes","n/a","n/a","n/a","n/a","n/a","n/a","n/a","n/a","n/a","n/a","n/a","n/a","n/a","n/a","n/a","n/a"
"MA008","MA008-2","n/a","n/a","n/a","n/a","n/a","n/a","n/a","n/a","n/a","n/a","yes","n/a","n/a","n/a","n/a","n/a","n/a","n/a","n/a","n/a","n/a","n/a","n/a","n/a","n/a","n/a","n/a"
"MA050","MA050-2","n/a","n/a","n/a","n/a","n/a","n/a","n/a","n/a","n/a","n/a","n/a","n/a","n/a","n/a","n/a","n/a","n/a","n/a","n/a","n/a","n/a","n/a","n/a","n/a","n/a","n/a","n/a"
"MA050","MA050-1","n/a","n/a","n/a","n/a","n/a","n/a","n/a","n/a","n/a","n/a","n/a","n/a","n/a","n/a","n/a","n/a","n/a","n/a","n/a","n/a","n/a","n/a","n/a","n/a","n/a","n/a","n/a"
"MA072","MA072-1","n/a","n/a","n/a","n/a","n/a","n/a","n/a","n/a","n/a","n/a","n/a","n/a","n/a","n/a","n/a","n/a","n/a","n/a","n/a","n/a","n/a","n/a","n/a","n/a","n/a","n/a","n/a"
"MA009","MA009-1","no","yes","yes","yes","yes","?","no","no","yes","no","n/a","n/a","yes","yes","n/a","n/a","n/a","n/a","n/a","n/a","n/a","n/a","n/a","n/a","n/a","n/a","n/a"
"MA057","MA057-1","no","yes","yes","no","no","no","no","no","yes","no","n/a","n/a","yes","yes","n/a","n/a","n/a","n/a","n/a","n/a","n/a","n/a","n/a","n/a","n/a","n/a","n/a"
"MA048","MA048-1","n/a","n/a","n/a","n/a","n/a","n/a","n/a","n/a","n/a","n/a","n/a","n/a","n/a","n/a","n/a","yes","n/a","n/a","n/a","n/a","n/a","yes","n/a","n/a","n/a","n/a","n/a"
"MA043","MA043-1","n/a","n/a","n/a","n/a","n/a","n/a","n/a","n/a","n/a","n/a","n/a","n/a","n/a","n/a","n/a","yes","n/a","n/a","n/a","n/a","n/a","n/a","n/a","n/a","n/a","n/a","n/a"
"MA044","MA044-1","n/a","n/a","n/a","n/a","n/a","n/a","n/a","n/a","n/a","n/a","n/a","n/a","n/a","n/a","n/a","n/a","n/a","n/a","n/a","n/a","n/a","n/a","n/a","n/a","n/a","n/a","n/a"
"MA045","MA045-1","n/a","n/a","n/a","n/a","n/a","n/a","n/a","n/a","n/a","n/a","n/a","n/a","n/a","n/a","n/a","n/a","n/a","n/a","n/a","n/a","n/a","n/a","n/a","n/a","n/a","n/a","n/a"
"MA106","MA106-1","?","yes","no","yes","yes","no","no","no","yes","?","yes","no","yes","yes","n/a","n/a","no","yes","n/a","yes","n/a","yes","n/a","n/a","n/a","n/a","n/a"
"MA049","MA049-1","n/a","n/a","n/a","n/a","n/a","n/a","n/a","n/a","n/a","n/a","yes","n/a","n/a","n/a","n/a","n/a","n/a","n/a","n/a","n/a","n/a","n/a","n/a","n/a","n/a","n/a","n/a"
"MA047","MA047-2","n/a","n/a","n/a","n/a","n/a","n/a","n/a","n/a","n/a","n/a","n/a","n/a","n/a","n/a","n/a","yes","n/a","n/a","n/a","n/a","n/a","n/a","n/a","n/a","n/a","n/a","n/a"
"MA047","MA047-1","n/a","n/a","n/a","n/a","n/a","n/a","n/a","n/a","n/a","n/a","n/a","n/a","n/a","n/a","n/a","yes","n/a","n/a","n/a","n/a","n/a","n/a","n/a","n/a","n/a","n/a","n/a"
"MA042","MA042-1","n/a","n/a","n/a","n/a","n/a","n/a","n/a","n/a","n/a","n/a","n/a","n/a","n/a","n/a","n/a","yes","n/a","n/a","n/a","n/a","n/a","n/a","n/a","n/a","n/a","n/a","n/a"
"MA046","MA046-1","n/a","n/a","n/a","n/a","n/a","n/a","n/a","n/a","n/a","n/a","n/a","n/a","n/a","n/a","n/a","n/a","n/a","n/a","n/a","n/a","n/a","n/a","n/a","n/a","n/a","n/a","n/a"
"MA086","MA086-1","n/a","n/a","n/a","n/a","n/a","n/a","n/a","n/a","n/a","n/a","yes","n/a","n/a","n/a","n/a","n/a","n/a","n/a","n/a","n/a","n/a","n/a","n/a","n/a","n/a","n/a","n/a"
"MA027","MA027-1","n/a","n/a","n/a","n/a","n/a","n/a","n/a","n/a","n/a","n/a","n/a","n/a","n/a","n/a","n/a","n/a","n/a","n/a","n/a","n/a","n/a","n/a","n/a","n/a","n/a","n/a","n/a"
"MA018","MA018-1","n/a","n/a","n/a","n/a","n/a","n/a","n/a","n/a","n/a","n/a","n/a","n/a","n/a","n/a","n/a","n/a","n/a","n/a","n/a","n/a","n/a","n/a","n/a","n/a","n/a","n/a","n/a"
"MA099","MA099-1","n/a","n/a","n/a","n/a","n/a","n/a","n/a","n/a","n/a","n/a","n/a","n/a","n/a","n/a","n/a","n/a","n/a","n/a","n/a","n/a","n/a","yes","n/a","n/a","n/a","n/a","n/a"
"MA021","MA021-1","n/a","n/a","n/a","n/a","n/a","n/a","n/a","n/a","n/a","n/a","n/a","n/a","n/a","n/a","n/a","n/a","n/a","n/a","n/a","n/a","n/a","n/a","n/a","n/a","n/a","n/a","n/a"
"MA069","MA069-1","n/a","n/a","n/a","n/a","n/a","n/a","n/a","n/a","n/a","n/a","n/a","n/a","n/a","n/a","n/a","n/a","n/a","n/a","n/a","n/a","n/a","n/a","n/a","n/a","n/a","n/a","n/a"
"MA068","MA068-1","n/a","n/a","n/a","n/a","n/a","n/a","n/a","n/a","n/a","n/a","n/a","n/a","n/a","n/a","n/a","n/a","n/a","n/a","n/a","n/a","n/a","n/a","n/a","n/a","n/a","n/a","n/a"
"MA066","MA066-1","n/a","n/a","n/a","n/a","n/a","n/a","n/a","n/a","n/a","n/a","n/a","n/a","n/a","n/a","n/a","n/a","n/a","n/a","n/a","n/a","n/a","n/a","n/a","n/a","n/a","n/a","n/a"
"MA071","MA071-1","n/a","n/a","n/a","n/a","n/a","n/a","n/a","n/a","n/a","n/a","n/a","n/a","n/a","n/a","n/a","n/a","n/a","n/a","n/a","n/a","n/a","n/a","n/a","n/a","n/a","n/a","n/a"
"MA020","MA020-1","n/a","n/a","n/a","n/a","n/a","n/a","n/a","n/a","n/a","n/a","yes","n/a","n/a","n/a","n/a","n/a","n/a","n/a","n/a","n/a","n/a","n/a","n/a","n/a","n/a","n/a","n/a"
"MA011","MA011-1","n/a","n/a","n/a","n/a","n/a","n/a","n/a","n/a","n/a","n/a","yes","n/a","n/a","n/a","n/a","n/a","n/a","n/a","n/a","n/a","n/a","n/a","n/a","n/a","n/a","n/a","n/a"
"MA032","MA032-1","n/a","n/a","n/a","n/a","n/a","n/a","n/a","n/a","n/a","n/a","yes","n/a","n/a","n/a","n/a","n/a","n/a","n/a","n/a","n/a","n/a","n/a","n/a","n/a","n/a","n/a","n/a"
"MA041","MA041-1","n/a","n/a","n/a","n/a","n/a","n/a","n/a","n/a","n/a","n/a","yes","n/a","n/a","n/a","n/a","n/a","n/a","n/a","n/a","n/a","n/a","n/a","n/a","n/a","n/a","n/a","n/a"
"MA089","MA089-1","n/a","n/a","n/a","n/a","n/a","n/a","n/a","n/a","n/a","n/a","n/a","n/a","n/a","n/a","n/a","n/a","n/a","n/a","n/a","n/a","n/a","n/a","n/a","n/a","n/a","n/a","n/a"
"MA090","MA090-4","n/a","n/a","n/a","n/a","n/a","n/a","n/a","n/a","n/a","n/a","n/a","n/a","n/a","n/a","n/a","n/a","n/a","n/a","n/a","n/a","n/a","n/a","n/a","n/a","n/a","n/a","n/a"
"MA090","MA090-3","n/a","n/a","n/a","n/a","n/a","n/a","n/a","n/a","n/a","n/a","n/a","n/a","n/a","n/a","n/a","n/a","n/a","n/a","n/a","n/a","n/a","n/a","n/a","n/a","n/a","n/a","n/a"
"MA090","MA090-2","n/a","n/a","n/a","n/a","n/a","n/a","n/a","n/a","n/a","n/a","n/a","n/a","n/a","n/a","n/a","n/a","n/a","n/a","n/a","n/a","n/a","n/a","n/a","n/a","n/a","n/a","n/a"
"MA091","MA091-2","n/a","n/a","n/a","n/a","n/a","n/a","n/a","n/a","n/a","n/a","n/a","n/a","n/a","n/a","n/a","n/a","n/a","n/a","n/a","n/a","n/a","n/a","n/a","n/a","n/a","n/a","n/a"
"MA093","MA093-1","n/a","n/a","n/a","n/a","n/a","n/a","n/a","n/a","n/a","n/a","n/a","n/a","n/a","n/a","n/a","n/a","n/a","n/a","n/a","n/a","n/a","n/a","n/a","n/a","n/a","n/a","n/a"
"MA094","MA094-1","n/a","n/a","n/a","n/a","n/a","n/a","n/a","n/a","n/a","n/a","n/a","n/a","n/a","n/a","n/a","n/a","n/a","n/a","n/a","n/a","n/a","n/a","n/a","n/a","n/a","n/a","n/a"
"MA095","MA095-1","n/a","n/a","n/a","n/a","n/a","n/a","n/a","n/a","n/a","n/a","n/a","n/a","n/a","n/a","n/a","n/a","n/a","n/a","n/a","n/a","n/a","n/a","n/a","n/a","n/a","n/a","n/a"
"MA096","MA096-1","n/a","n/a","n/a","n/a","n/a","n/a","n/a","n/a","n/a","n/a","n/a","n/a","n/a","n/a","n/a","n/a","n/a","n/a","n/a","n/a","n/a","n/a","n/a","n/a","n/a","n/a","n/a"
"MA097","MA097-1","n/a","n/a","n/a","n/a","n/a","n/a","n/a","n/a","n/a","n/a","n/a","n/a","n/a","n/a","n/a","n/a","n/a","n/a","n/a","n/a","n/a","n/a","n/a","n/a","n/a","n/a","n/a"
"MA090","MA090-1","n/a","n/a","n/a","n/a","n/a","n/a","n/a","n/a","n/a","n/a","n/a","n/a","n/a","n/a","n/a","n/a","n/a","n/a","n/a","n/a","n/a","n/a","n/a","n/a","n/a","n/a","n/a"
"MA091","MA091-1","n/a","n/a","n/a","n/a","n/a","n/a","n/a","n/a","n/a","n/a","n/a","n/a","n/a","n/a","n/a","n/a","n/a","n/a","n/a","n/a","n/a","n/a","n/a","n/a","n/a","n/a","n/a"
"MA092","MA092-1","n/a","n/a","n/a","n/a","n/a","n/a","n/a","n/a","n/a","n/a","n/a","n/a","n/a","n/a","n/a","n/a","n/a","n/a","n/a","n/a","n/a","n/a","n/a","n/a","n/a","n/a","n/a"
"MA100","MA100-1","n/a","n/a","n/a","n/a","n/a","n/a","n/a","n/a","n/a","n/a","n/a","n/a","n/a","n/a","n/a","n/a","n/a","n/a","n/a","n/a","n/a","n/a","n/a","n/a","n/a","n/a","n/a"
"MA101","MA101-2","n/a","n/a","n/a","n/a","n/a","n/a","n/a","n/a","n/a","n/a","n/a","n/a","n/a","n/a","n/a","n/a","n/a","n/a","n/a","n/a","n/a","n/a","n/a","n/a","n/a","n/a","n/a"
"MA101","MA101-1","n/a","n/a","n/a","n/a","n/a","n/a","n/a","n/a","n/a","n/a","n/a","n/a","n/a","n/a","n/a","n/a","n/a","n/a","n/a","n/a","n/a","n/a","n/a","n/a","n/a","n/a","n/a"
"MA102","MA102-5","n/a","n/a","n/a","n/a","n/a","n/a","n/a","n/a","n/a","n/a","n/a","n/a","n/a","n/a","n/a","n/a","n/a","n/a","n/a","n/a","n/a","yes","n/a","n/a","n/a","n/a","n/a"
"MA102","MA102-4","n/a","n/a","n/a","n/a","n/a","n/a","n/a","n/a","n/a","n/a","n/a","n/a","n/a","n/a","n/a","n/a","n/a","n/a","n/a","n/a","n/a","yes","n/a","n/a","n/a","n/a","n/a"
"MA102","MA102-2","n/a","n/a","n/a","n/a","n/a","n/a","n/a","n/a","n/a","n/a","n/a","n/a","n/a","n/a","n/a","n/a","n/a","n/a","n/a","n/a","n/a","yes","n/a","n/a","n/a","n/a","n/a"
"MA102","MA102-3","n/a","n/a","n/a","n/a","n/a","n/a","n/a","n/a","n/a","n/a","n/a","n/a","n/a","n/a","n/a","n/a","n/a","n/a","n/a","n/a","n/a","yes","n/a","n/a","n/a","n/a","n/a"
"MA102","MA102-1","n/a","n/a","n/a","n/a","n/a","n/a","n/a","n/a","n/a","n/a","n/a","n/a","n/a","n/a","n/a","n/a","n/a","n/a","n/a","n/a","n/a","n/a","n/a","n/a","n/a","n/a","n/a"
"MA103","MA103-1","n/a","n/a","n/a","n/a","n/a","n/a","n/a","n/a","n/a","n/a","n/a","n/a","n/a","n/a","n/a","n/a","n/a","n/a","n/a","n/a","n/a","yes","n/a","n/a","n/a","n/a","n/a"
"MA104","MA104-1","n/a","n/a","n/a","n/a","n/a","n/a","n/a","n/a","n/a","n/a","n/a","n/a","n/a","n/a","n/a","n/a","n/a","n/a","n/a","n/a","n/a","yes","n/a","n/a","n/a","n/a","n/a"
"MA105","MA105-1","n/a","n/a","n/a","n/a","n/a","n/a","n/a","n/a","n/a","n/a","n/a","n/a","n/a","n/a","n/a","n/a","n/a","n/a","n/a","n/a","n/a","n/a","n/a","n/a","n/a","n/a","n/a"
"MA105","MA105-2","n/a","n/a","n/a","n/a","n/a","n/a","n/a","n/a","n/a","n/a","n/a","n/a","n/a","n/a","n/a","n/a","n/a","n/a","n/a","n/a","n/a","n/a","n/a","n/a","n/a","n/a","n/a"
"ES001","ES001-1","no","no","yes","no","yes","no","no","no","no","no","no","no","yes","yes","no","yes","no","no","no","no","yes","yes","yes","yes","no","no","no"
"ES002","ES002-2","no","no","no","yes","no","no","no","no","no","yes","no","no","no","yes","yes","yes","yes","yes","n/a","n/a","yes","yes","<","yes","no","n/a","no"
"ES002","ES002-1","no","no","no","yes","no","no","no","no","no","yes","no","no","no","yes","yes","yes","yes","yes","n/a","n/a","yes","yes","<","yes","no","n/a","no"
"TN054","TN054-1","n/a","n/a","n/a","n/a","n/a","n/a","n/a","n/a","n/a","n/a","n/a","n/a","n/a","n/a","n/a","n/a","n/a","n/a","n/a","n/a","n/a","n/a","n/a","n/a","n/a","n/a","n/a"
"TN055","TN055-1","n/a","n/a","n/a","n/a","n/a","n/a","n/a","n/a","n/a","n/a","n/a","n/a","n/a","n/a","n/a","n/a","n/a","n/a","n/a","n/a","n/a","n/a","n/a","n/a","n/a","n/a","n/a"
"TN046","TN046-1","yes","n/a","n/a","yes","n/a","n/a","n/a","n/a","n/a","yes","n/a","n/a","n/a","n/a","n/a","n/a","n/a","yes","yes","n/a","n/a","yes","n/a","n/a","n/a","n/a","n/a"
"TN001","TN001-1","yes","n/a","n/a","yes","n/a","n/a","n/a","n/a","n/a","yes","n/a","n/a","n/a","n/a","n/a","n/a","n/a","yes","yes","yes","n/a","yes","n/a","n/a","n/a","n/a","n/a"
"TN042","TN042-1","no","no","no","no","no","no","no","no","no","no","no","no","no","no","yes","no","no","no","no","no","no","no","no","no","no","no","no"
"TN039","TN039-1","no","no","no","no","no","no","no","no","no","no","no","no","no","no","yes","no","no","no","no","no","no","no","no","no","no","no","no"
"TN040","TN040-1","no","no","no","no","no","no","no","no","no","no","no","no","no","no","yes","no","no","no","no","no","no","no","no","no","no","no","no"
"TN040","TN040-2","no","no","no","no","no","no","no","no","no","no","no","no","no","no","yes","no","no","no","no","no","no","no","no","no","no","no","no"
"TN041","TN041-1","no","no","no","no","no","no","no","no","no","no","no","no","yes","no","no","no","no","no","no","no","no","no","no","no","no","no","no"
"TN014","TN014-1","no","no","no","no","no","no","no","no","no","no","no","no","no","no","no","no","no","no","no","no","no","n/a","n/a","n/a","n/a","n/a","n/a"
"TN008","TN008-2","yes","n/a","n/a","yes","n/a","yes","n/a","no","n/a","yes","n/a","n/a","yes","n/a","yes","n/a","yes","yes","yes","yes","yes","yes","n/a","n/a","n/a","n/a","n/a"
"TN008","TN008-1","yes","n/a","n/a","yes","n/a","yes","n/a","no","n/a","yes","n/a","n/a","yes","n/a","yes","n/a","yes","yes","yes","yes","yes","yes","n/a","n/a","n/a","n/a","n/a"
"TN023","TN023-7","no","yes","yes","no","no","no","no","no","no","no","yes","no","yes","yes","yes","yes","yes","no","no","no","yes","yes","yes","yes","no","no","no"
"TN023","TN023-6","no","yes","yes","no","no","no","no","no","no","no","yes","no","yes","yes","yes","yes","yes","no","no","no","yes","yes","yes","yes","no","no","no"
"TN023","TN023-5","no","yes","yes","no","no","no","no","no","no","no","yes","no","yes","yes","yes","yes","yes","no","no","no","yes","yes","yes","yes","no","no","no"
"TN023","TN023-4","no","yes","yes","no","no","no","no","no","no","no","yes","no","yes","yes","yes","yes","yes","no","no","no","yes","yes","yes","yes","no","no","no"
"TN023","TN023-2","no","yes","no","no","no","no","no","no","no","no","yes","no","yes","yes","yes","yes","yes","no","no","no","yes","<","yes","yes","no","no","no"
"TN023","TN023-1","no","yes","no","no","no","no","no","no","no","no","yes","no","yes","yes","yes","yes","yes","no","no","no","yes","<","yes","yes","no","no","no"
"TN023","TN023-3","no","no","yes","no","no","no","no","no","no","no","yes","no","yes","yes","yes","yes","yes","no","no","no","yes","<","yes","yes","no","no","no"
"TN023","TN023-9","no","yes","yes","no","no","no","no","no","no","no","yes","no","yes","yes","yes","yes","yes","no","no","no","yes","yes","yes","yes","no","no","yes"
"TN023","TN023-8","no","yes","no","no","no","no","no","no","no","no","yes","no","yes","yes","yes","yes","yes","no","no","no","yes","<","yes","yes","no","no","yes"
"TN007","TN007-1","n/a","n/a","n/a","n/a","n/a","n/a","n/a","n/a","n/a","n/a","yes","n/a","n/a","n/a","n/a","yes","n/a","n/a","n/a","n/a","n/a","no","yes","yes","n/a","n/a","n/a"
"TN026","TN026-1","no","yes","no","yes","yes","no","no","no","no","no","yes","no","yes","yes","yes","yes","yes","n/a","n/a","n/a","n/a","n/a","yes","yes","<","no","<"
"TN015","TN015-2","yes","yes","no","yes","yes","no","no","no","yes","no","yes","no","yes","yes","yes","no","no","no","no","no","yes","yes","yes","yes","yes","no","no"
"TN015","TN015-1","no","yes","no","yes","yes","no","no","no","yes","no","yes","no","yes","yes","yes","no","no","no","no","no","yes","yes","yes","yes","yes","no","no"
"TN015","TN015-3","yes","yes","no","yes","yes","no","no","no","yes","no","yes","no","yes","yes","yes","no","no","no","no","no","yes","yes","yes","yes","yes","no","no"
"TN015","TN015-5","yes","yes","no","yes","yes","no","no","no","yes","no","yes","no","yes","yes","yes","no","no","no","no","no","yes","yes","yes","yes","yes","no","no"
"TN027","TN027-1","no","no","yes","no","no","no","no","no","no","no","yes","no","yes","yes","yes","no","no","no","no","no","yes","yes","yes","yes","no","no","no"
"TN028","TN028-1","n/a","n/a","n/a","n/a","n/a","n/a","n/a","n/a","n/a","n/a","yes","n/a","n/a","n/a","n/a","n/a","n/a","n/a","n/a","n/a","n/a","no","yes","yes","yes","yes","no"
"TN032","TN032-1","n/a","n/a","n/a","n/a","n/a","n/a","n/a","n/a","n/a","n/a","yes","n/a","n/a","n/a","yes","n/a","n/a","n/a","n/a","n/a","n/a","no","n/a","n/a","<","n/a","n/a"
"TN005","TN005-1","no","yes","yes","no","yes","no","no","no","yes","no","yes","no","yes","yes","yes","yes","no","n/a","n/a","n/a","n/a","no","yes","yes","no","no","no"
"TN024","TN024-1","n/a","n/a","n/a","n/a","n/a","n/a","n/a","n/a","n/a","n/a","n/a","n/a","n/a","n/a","n/a","n/a","n/a","n/a","n/a","n/a","n/a","no","yes","yes","yes","n/a","n/a"
"TN017","TN017-2","n/a","n/a","n/a","n/a","n/a","n/a","n/a","n/a","n/a","n/a","yes","n/a","n/a","n/a","yes","yes","n/a","no","no","no","yes","no","yes","yes","no","no","no"
"TN017","TN017-1","n/a","n/a","n/a","n/a","n/a","n/a","n/a","n/a","n/a","n/a","yes","n/a","n/a","n/a","yes","yes","n/a","no","no","no","yes","no","yes","yes","no","no","no"
"TN029","TN029-2","n/a","n/a","n/a","n/a","n/a","n/a","n/a","n/a","n/a","n/a","n/a","n/a","n/a","n/a","yes","yes","n/a","n/a","n/a","n/a","n/a","n/a","yes","yes","no","no","no"
"TN029","TN029-4","n/a","n/a","n/a","n/a","n/a","n/a","n/a","n/a","n/a","n/a","n/a","n/a","n/a","n/a","yes","yes","n/a","n/a","n/a","n/a","n/a","n/a","n/a","n/a","n/a","n/a","n/a"
"TN029","TN029-3","n/a","n/a","n/a","n/a","n/a","n/a","n/a","n/a","n/a","n/a","n/a","n/a","n/a","n/a","yes","yes","n/a","n/a","n/a","n/a","n/a","n/a","n/a","n/a","n/a","n/a","n/a"
"TN029","TN029-1","n/a","n/a","n/a","n/a","n/a","n/a","n/a","n/a","n/a","n/a","yes","n/a","n/a","n/a","n/a","n/a","n/a","n/a","n/a","n/a","n/a","n/a","yes","yes","no","no","no"
"TN047","TN047-1","n/a","n/a","n/a","n/a","n/a","n/a","n/a","n/a","n/a","n/a","yes","n/a","n/a","n/a","n/a","n/a","n/a","n/a","n/a","n/a","n/a","no","yes","n/a","n/a","n/a","n/a"
"TN047","TN047-2","n/a","n/a","n/a","n/a","n/a","n/a","n/a","n/a","n/a","n/a","yes","n/a","n/a","n/a","n/a","n/a","n/a","n/a","n/a","n/a","n/a","no","yes","n/a","n/a","n/a","n/a"
"TN047","TN047-3","n/a","n/a","n/a","n/a","n/a","n/a","n/a","n/a","n/a","n/a","yes","n/a","n/a","n/a","n/a","n/a","n/a","n/a","n/a","n/a","n/a","no","yes","n/a","n/a","n/a","n/a"
"TN047","TN047-4","n/a","n/a","n/a","n/a","n/a","n/a","n/a","n/a","n/a","n/a","n/a","n/a","n/a","n/a","n/a","n/a","n/a","n/a","n/a","n/a","n/a","n/a","n/a","n/a","n/a","n/a","n/a"
"TN048","TN048-1","n/a","n/a","n/a","n/a","n/a","n/a","n/a","n/a","n/a","n/a","yes","n/a","n/a","n/a","n/a","n/a","n/a","n/a","n/a","n/a","n/a","n/a","n/a","n/a","n/a","n/a","n/a"
"TN049","TN049-1","n/a","n/a","n/a","n/a","n/a","n/a","n/a","n/a","n/a","n/a","n/a","n/a","n/a","n/a","n/a","n/a","n/a","n/a","n/a","n/a","n/a","n/a","n/a","n/a","n/a","n/a","n/a"
"TN049","TN049-2","n/a","n/a","n/a","n/a","n/a","n/a","n/a","n/a","n/a","n/a","yes","n/a","n/a","n/a","n/a","n/a","n/a","n/a","n/a","n/a","n/a","n/a","n/a","n/a","n/a","n/a","n/a"
"TN050","TN050-1","n/a","n/a","n/a","n/a","n/a","n/a","n/a","n/a","n/a","n/a","n/a","n/a","n/a","n/a","n/a","n/a","n/a","n/a","n/a","n/a","n/a","n/a","n/a","n/a","n/a","n/a","n/a"
"TN051","TN051-1","n/a","n/a","n/a","n/a","n/a","n/a","n/a","n/a","n/a","n/a","yes","n/a","n/a","n/a","n/a","n/a","n/a","n/a","n/a","n/a","n/a","n/a","n/a","n/a","n/a","n/a","n/a"
"TN052","TN052-1","n/a","n/a","n/a","n/a","n/a","n/a","n/a","n/a","n/a","n/a","yes","n/a","n/a","n/a","n/a","n/a","n/a","n/a","n/a","n/a","n/a","n/a","n/a","n/a","n/a","n/a","n/a"
"TN053","TN053-1","n/a","n/a","n/a","n/a","n/a","n/a","n/a","n/a","n/a","n/a","yes","n/a","n/a","n/a","n/a","n/a","n/a","n/a","n/a","n/a","n/a","n/a","n/a","n/a","n/a","n/a","n/a"
"TN021","TN021-1","n/a","n/a","n/a","n/a","n/a","n/a","n/a","n/a","n/a","n/a","yes","n/a","n/a","n/a","n/a","yes","n/a","n/a","n/a","n/a","n/a","n/a","n/a","n/a","n/a","n/a","n/a"
"TN043","TN043-2","n/a","n/a","n/a","n/a","n/a","n/a","n/a","n/a","n/a","n/a","n/a","n/a","n/a","n/a","n/a","n/a","n/a","n/a","n/a","n/a","n/a","n/a","n/a","n/a","n/a","n/a","n/a"
"TN043","TN043-1","n/a","n/a","n/a","n/a","n/a","n/a","n/a","n/a","n/a","n/a","n/a","n/a","n/a","n/a","n/a","n/a","n/a","n/a","n/a","n/a","n/a","n/a","n/a","n/a","n/a","n/a","n/a"
"TN044","TN044-1","n/a","n/a","n/a","n/a","n/a","n/a","n/a","n/a","n/a","n/a","n/a","n/a","n/a","n/a","n/a","n/a","n/a","n/a","n/a","n/a","n/a","n/a","n/a","n/a","n/a","n/a","n/a"
"TN012","TN012-1","n/a","n/a","n/a","n/a","n/a","n/a","n/a","n/a","n/a","n/a","n/a","n/a","n/a","n/a","n/a","n/a","n/a","n/a","n/a","n/a","n/a","n/a","n/a","n/a","n/a","n/a","n/a"
"TN013","TN013-1","n/a","n/a","n/a","n/a","n/a","n/a","n/a","n/a","n/a","n/a","n/a","n/a","n/a","n/a","n/a","n/a","n/a","n/a","n/a","n/a","n/a","n/a","n/a","n/a","n/a","n/a","n/a"
"TN020","TN020-1","n/a","n/a","n/a","n/a","n/a","n/a","n/a","n/a","n/a","n/a","n/a","n/a","n/a","n/a","n/a","n/a","n/a","n/a","n/a","n/a","n/a","n/a","n/a","n/a","n/a","n/a","n/a"
"TN022","TN022-1","n/a","n/a","n/a","n/a","n/a","n/a","n/a","n/a","n/a","n/a","yes","n/a","n/a","n/a","n/a","yes","n/a","n/a","n/a","n/a","n/a","n/a","n/a","n/a","n/a","n/a","n/a"
"TN022","TN022-2","n/a","n/a","n/a","n/a","n/a","n/a","n/a","n/a","n/a","n/a","yes","n/a","n/a","n/a","n/a","yes","n/a","n/a","n/a","n/a","n/a","n/a","n/a","n/a","n/a","n/a","n/a"
"TN018","TN018-1","n/a","n/a","n/a","n/a","n/a","n/a","n/a","n/a","n/a","n/a","yes","n/a","n/a","n/a","n/a","yes","n/a","n/a","n/a","n/a","n/a","n/a","n/a","n/a","n/a","n/a","n/a"
"TN018","TN018-2","n/a","n/a","n/a","n/a","n/a","n/a","n/a","n/a","n/a","n/a","yes","n/a","n/a","n/a","n/a","yes","n/a","n/a","n/a","n/a","n/a","n/a","n/a","n/a","n/a","n/a","n/a"
"TN030","TN030-1","n/a","n/a","n/a","n/a","n/a","n/a","n/a","n/a","n/a","n/a","n/a","n/a","n/a","n/a","n/a","n/a","n/a","n/a","n/a","n/a","n/a","n/a","n/a","n/a","n/a","n/a","n/a"
"TN016","TN016-1","n/a","n/a","n/a","n/a","n/a","n/a","n/a","n/a","n/a","n/a","n/a","n/a","n/a","n/a","n/a","n/a","n/a","n/a","n/a","n/a","n/a","n/a","n/a","n/a","n/a","n/a","n/a"
"TN045","TN045-1","n/a","n/a","n/a","n/a","n/a","n/a","n/a","n/a","n/a","n/a","n/a","n/a","n/a","n/a","n/a","n/a","n/a","n/a","n/a","n/a","n/a","n/a","n/a","n/a","n/a","n/a","n/a"
"TN010","TN010-1","n/a","n/a","n/a","n/a","n/a","n/a","n/a","n/a","n/a","n/a","n/a","n/a","n/a","n/a","n/a","n/a","n/a","n/a","n/a","n/a","n/a","n/a","n/a","n/a","n/a","n/a","n/a"
"TN033","TN033-1","n/a","n/a","n/a","n/a","n/a","n/a","n/a","n/a","n/a","n/a","n/a","n/a","n/a","n/a","n/a","yes","n/a","n/a","n/a","n/a","n/a","n/a","n/a","n/a","n/a","n/a","n/a"
"TN038","TN038-1","n/a","n/a","n/a","n/a","n/a","n/a","n/a","n/a","n/a","n/a","n/a","n/a","n/a","n/a","n/a","n/a","n/a","n/a","n/a","n/a","n/a","n/a","n/a","n/a","n/a","n/a","n/a"
"TN031","TN031-1","n/a","n/a","n/a","n/a","n/a","n/a","n/a","n/a","n/a","n/a","yes","n/a","n/a","n/a","n/a","n/a","n/a","n/a","n/a","n/a","n/a","n/a","n/a","n/a","n/a","n/a","n/a"
"TN035","TN035-1","n/a","n/a","n/a","n/a","n/a","n/a","n/a","n/a","n/a","n/a","n/a","n/a","n/a","n/a","yes","n/a","n/a","n/a","n/a","n/a","n/a","n/a","n/a","n/a","n/a","n/a","n/a"
"TN006","TN006-2","n/a","n/a","n/a","n/a","n/a","n/a","n/a","n/a","n/a","n/a","n/a","n/a","n/a","n/a","yes","n/a","n/a","n/a","n/a","n/a","n/a","n/a","n/a","n/a","n/a","n/a","n/a"
"TN006","TN006-1","n/a","n/a","n/a","n/a","n/a","n/a","n/a","n/a","n/a","n/a","n/a","n/a","n/a","n/a","yes","n/a","n/a","n/a","n/a","n/a","n/a","n/a","n/a","n/a","n/a","n/a","n/a"
"TN019","TN019-1","n/a","n/a","n/a","n/a","n/a","n/a","n/a","n/a","n/a","n/a","n/a","n/a","n/a","n/a","yes","n/a","n/a","n/a","n/a","n/a","n/a","n/a","n/a","n/a","n/a","n/a","n/a"
"TN036","TN036-1","n/a","n/a","n/a","n/a","n/a","n/a","n/a","n/a","n/a","n/a","n/a","n/a","n/a","n/a","n/a","n/a","n/a","n/a","n/a","n/a","n/a","n/a","n/a","n/a","n/a","n/a","n/a"
